Id,Tipo,Intento,Nota,Tiempo,Aprobado,Distinguido,Duracion
1137,C,1,57,7.23527856977671,TRUE,FALSE,0.22977856977740885
619,B,1,67,7.327399851434166,TRUE,FALSE,0.3218998514348641
139,B,1,69,7.363659356109565,TRUE,FALSE,0.3581593561102636
1125,C,1,50,7.393179412498284,FALSE,FALSE,0.38767941249898286
250,B,1,62,7.400538292531564,TRUE,FALSE,0.39503829253226286
80,B,1,65,7.41563198921358,TRUE,FALSE,0.4101319892142783
195,B,1,60,7.417165657130681,TRUE,FALSE,0.4116656571313797
760,C,1,62,7.461855161596759,TRUE,FALSE,0.4563551615974575
161,C,1,58,7.470014683360205,TRUE,FALSE,0.4645146833609033
518,C,1,60,7.4975580460595665,TRUE,FALSE,0.49205804606026504
68,C,1,48,7.504822020353458,FALSE,FALSE,0.49932202035415685
899,B,1,63,7.505577008181717,TRUE,FALSE,0.5000770081824157
1170,B,1,69,7.509287767170463,TRUE,FALSE,0.5037877671711612
299,C,1,58,7.531113378357986,TRUE,FALSE,0.5256133783586847
206,B,1,68,7.552397819046746,TRUE,FALSE,0.5468978190474445
804,B,1,67,7.553226687730785,TRUE,FALSE,0.5477266877314833
1111,A,1,82,7.561751357781759,TRUE,TRUE,0.5562513577824575
371,B,1,67,7.5635676875463105,TRUE,FALSE,0.558067687547009
962,C,1,53,7.565322806261975,FALSE,FALSE,0.5598228062626731
958,C,1,58,7.567819487827364,TRUE,FALSE,0.5623194878280628
843,A,1,73,7.575317118786188,TRUE,FALSE,0.5698171187868866
238,A,1,83,7.579332808596519,TRUE,TRUE,0.5738328085972171
1191,B,1,67,7.583226768496388,TRUE,FALSE,0.5777267684970866
270,B,1,63,7.583611640129675,TRUE,FALSE,0.5781116401303734
191,C,1,52,7.589177031572035,FALSE,FALSE,0.5836770315727335
303,B,1,57,7.5909476242050005,TRUE,FALSE,0.585447624205699
587,B,1,54,7.596612221903342,FALSE,FALSE,0.5911122219040408
334,C,1,60,7.601486411611404,TRUE,FALSE,0.5959864116121025
1072,B,1,64,7.603396900121879,TRUE,FALSE,0.5978969001225778
36,C,1,54,7.6037792099959916,FALSE,FALSE,0.59827920999669
486,B,1,66,7.611290391578223,TRUE,FALSE,0.6057903915789211
1006,B,1,71,7.613161037963437,TRUE,FALSE,0.6076610379641352
906,A,1,88,7.614178070896742,TRUE,TRUE,0.6086780708974402
633,C,1,57,7.614386603512685,TRUE,FALSE,0.6088866035133833
153,A,1,87,7.6157544599991525,TRUE,TRUE,0.610254459999851
996,C,1,45,7.62101423697095,FALSE,FALSE,0.6155142369716486
350,C,1,57,7.624892494590313,TRUE,FALSE,0.6193924945910112
112,A,1,80,7.627334444270673,TRUE,TRUE,0.6218344442713715
209,C,1,45,7.628037356509594,FALSE,FALSE,0.6225373565102927
225,A,1,86,7.632685750031669,TRUE,TRUE,0.6271857500323677
742,C,1,53,7.64115945541198,FALSE,FALSE,0.6356594554126787
181,A,1,84,7.642076509808248,TRUE,TRUE,0.6365765098089469
450,B,1,65,7.645821881167649,TRUE,FALSE,0.6403218811683473
1009,A,1,83,7.6463863681019575,TRUE,TRUE,0.640886368102656
352,B,1,58,7.649993355953484,TRUE,FALSE,0.6444933559541823
889,B,1,55,7.651407145411213,TRUE,FALSE,0.6459071454119112
135,B,1,52,7.655607739256084,FALSE,FALSE,0.6501077392567822
727,B,1,66,7.657436964815133,TRUE,FALSE,0.6519369648158317
775,C,1,53,7.658966446859267,FALSE,FALSE,0.6534664468599658
404,A,1,84,7.66309545268814,TRUE,TRUE,0.6575954526888381
229,B,1,63,7.66317377012092,TRUE,FALSE,0.6576737701216189
412,A,1,90,7.665408005897916,TRUE,TRUE,0.6599080058986146
144,A,1,84,7.665896003301896,TRUE,TRUE,0.6603960033025942
245,C,1,49,7.667082069292519,FALSE,FALSE,0.6615820692932175
169,C,1,48,7.667955715493008,FALSE,FALSE,0.6624557154937065
47,B,1,70,7.6685578796495975,TRUE,FALSE,0.663057879650296
467,A,1,87,7.673858914240554,TRUE,TRUE,0.6683589142412529
524,B,1,65,7.674133285658172,TRUE,FALSE,0.6686332856588706
666,B,1,65,7.674490473582409,TRUE,FALSE,0.6689904735831078
447,C,1,58,7.676464560812747,TRUE,FALSE,0.6709645608134451
547,B,1,67,7.67859571437657,TRUE,FALSE,0.6730957143772685
977,A,1,85,7.6809484595905815,TRUE,TRUE,0.67544845959128
10,A,1,88,7.682239383106207,TRUE,TRUE,0.6767393831069057
741,A,1,83,7.683549174114887,TRUE,TRUE,0.6780491741155856
416,C,1,55,7.68518669381956,TRUE,FALSE,0.6796866938202584
926,C,1,54,7.685722127727786,FALSE,FALSE,0.6802221277284843
776,A,1,88,7.687860377871402,TRUE,TRUE,0.6823603778721008
177,C,1,49,7.688593742783269,FALSE,FALSE,0.6830937427839672
596,B,1,64,7.689124452550459,TRUE,FALSE,0.6836244525511574
237,B,1,63,7.690485932307638,TRUE,FALSE,0.6849859323083365
198,A,1,81,7.69352033524774,TRUE,TRUE,0.6880203352484386
861,B,1,64,7.6938727453416504,TRUE,FALSE,0.6883727453423489
622,C,1,55,7.695462801733811,TRUE,FALSE,0.6899628017345094
992,C,1,64,7.695933309030806,TRUE,FALSE,0.6904333090315049
280,C,1,50,7.696230756690056,FALSE,FALSE,0.6907307566907548
690,C,1,55,7.69642615349585,TRUE,FALSE,0.6909261534965481
1193,B,1,68,7.698815742798615,TRUE,FALSE,0.6933157427993137
273,B,1,71,7.699378708111908,TRUE,FALSE,0.6938787081126065
849,A,1,82,7.699900513896864,TRUE,TRUE,0.6944005138975626
369,B,1,58,7.703827594010363,TRUE,FALSE,0.6983275940110616
1198,B,1,69,7.704444817420153,TRUE,FALSE,0.6989448174208519
1103,B,1,63,7.70508856021479,TRUE,FALSE,0.6995885602154885
784,B,1,63,7.705811443276616,TRUE,FALSE,0.7003114432773145
683,B,1,63,7.706892270132812,TRUE,FALSE,0.7013922701335105
987,C,1,52,7.7083966729042,FALSE,FALSE,0.7028966729048989
641,B,1,67,7.709026004115003,TRUE,FALSE,0.7035260041157017
408,B,1,59,7.709336224055733,TRUE,FALSE,0.7038362240564311
1007,B,1,67,7.709759109337028,TRUE,FALSE,0.7042591093377268
1026,C,1,52,7.7121195017243735,FALSE,FALSE,0.706619501725072
949,C,1,60,7.713995198901102,TRUE,FALSE,0.7084951989018009
1144,B,1,56,7.715902731939423,TRUE,FALSE,0.7104027319401212
1175,B,1,58,7.717818898443511,TRUE,FALSE,0.7123188984442095
17,B,1,60,7.719596852501127,TRUE,FALSE,0.7140968525018252
1056,A,1,76,7.721593709149602,TRUE,TRUE,0.7160937091503001
192,B,1,68,7.721726926261908,TRUE,FALSE,0.7162269262626069
1158,B,1,54,7.7246747980389046,FALSE,FALSE,0.719174798039603
293,A,1,83,7.725306736861967,TRUE,TRUE,0.7198067368626653
480,B,1,63,7.7256228266742255,TRUE,FALSE,0.720122826674924
471,B,1,60,7.72582015966691,TRUE,FALSE,0.7203201596676081
170,C,1,50,7.72628317688941,FALSE,FALSE,0.7207831768901087
1057,C,1,60,7.727709624636191,TRUE,FALSE,0.7222096246368892
870,B,1,63,7.730603966323542,TRUE,FALSE,0.7251039663242409
4,B,1,64,7.730605809909321,TRUE,FALSE,0.7251058099100192
1029,C,1,60,7.734470440380392,TRUE,FALSE,0.7289704403810902
688,B,1,71,7.735995592556719,TRUE,FALSE,0.7304955925574177
1052,C,1,58,7.736343288386706,TRUE,FALSE,0.7308432883874048
603,B,1,53,7.736431172234006,FALSE,FALSE,0.7309311722347047
1182,B,1,62,7.739100610360765,TRUE,FALSE,0.7336006103614636
1012,A,1,83,7.7391993967939925,TRUE,TRUE,0.733699396794691
13,A,1,88,7.739465970895253,TRUE,TRUE,0.7339659708959516
1068,C,1,48,7.739968879985099,FALSE,FALSE,0.7344688799857977
670,C,1,52,7.740802549771615,FALSE,FALSE,0.7353025497723138
403,A,1,81,7.741121347138687,TRUE,TRUE,0.7356213471393858
611,B,1,63,7.742031002351723,TRUE,FALSE,0.7365310023524216
499,C,1,56,7.743437831617484,TRUE,FALSE,0.7379378316181828
1201,A,1,81,7.743737159282318,TRUE,TRUE,0.7382371592830168
406,B,1,65,7.743791953918844,TRUE,FALSE,0.7382919539195427
179,B,1,62,7.744277434801916,TRUE,FALSE,0.7387774348026142
1013,C,1,50,7.744817082500958,FALSE,FALSE,0.7393170825016568
443,A,1,85,7.745582718729565,TRUE,TRUE,0.7400827187302639
885,A,1,83,7.7460316909709945,TRUE,TRUE,0.740531690971693
1190,B,1,73,7.746234395730426,TRUE,FALSE,0.7407343957311241
738,B,1,67,7.747132253574819,TRUE,FALSE,0.7416322535755171
199,A,1,88,7.74939491873738,TRUE,TRUE,0.7438949187380786
563,B,1,54,7.749444313914864,FALSE,FALSE,0.7439443139155628
137,C,1,53,7.749586985428323,FALSE,FALSE,0.7440869854290213
54,B,1,61,7.75029664593967,TRUE,FALSE,0.7447966459403688
1105,A,1,73,7.752767726651655,TRUE,FALSE,0.7472677266523533
46,C,1,49,7.752893346380006,FALSE,FALSE,0.7473933463807043
686,B,1,62,7.753718312469573,TRUE,FALSE,0.7482183124702715
682,A,1,89,7.753805968692177,TRUE,TRUE,0.7483059686928755
868,A,1,85,7.754605146084941,TRUE,TRUE,0.7491051460856397
358,A,1,81,7.754704137962108,TRUE,TRUE,0.7492041379628063
1082,A,1,86,7.755754474950663,TRUE,TRUE,0.7502544749513618
706,B,1,60,7.756178891650052,TRUE,FALSE,0.7506788916507503
614,C,1,58,7.757493112992961,TRUE,FALSE,0.7519931129936595
971,B,1,63,7.758180536031432,TRUE,FALSE,0.7526805360321305
1074,A,1,81,7.758346330934728,TRUE,TRUE,0.7528463309354265
1108,A,1,76,7.759539796614263,TRUE,TRUE,0.7540397966149612
441,C,1,52,7.759555993266986,FALSE,FALSE,0.7540559932676842
767,B,1,56,7.762184534156404,TRUE,FALSE,0.7566845341571025
543,C,1,62,7.762571652772749,TRUE,FALSE,0.7570716527734476
712,C,1,53,7.764279901297414,FALSE,FALSE,0.7587799012981122
847,C,1,49,7.7645238898549,FALSE,FALSE,0.7590238898555981
1130,A,1,85,7.764554079283698,TRUE,TRUE,0.7590540792843967
1197,A,1,91,7.764838009210507,TRUE,TRUE,0.7593380092112056
897,B,1,60,7.767404527457984,TRUE,FALSE,0.7619045274586824
123,C,1,54,7.767642678361881,FALSE,FALSE,0.7621426783625793
938,B,1,64,7.7676737164729275,TRUE,FALSE,0.762173716473626
839,C,1,46,7.768122864767065,FALSE,FALSE,0.7626228647677635
309,C,1,60,7.7696868816819915,TRUE,FALSE,0.76418688168269
481,C,1,63,7.770807642300497,TRUE,FALSE,0.7653076423011953
998,A,1,83,7.771251083024254,TRUE,TRUE,0.7657510830249521
306,B,1,62,7.772953358893574,TRUE,FALSE,0.7674533588942722
461,A,1,84,7.7743120390914555,TRUE,TRUE,0.768812039092154
901,C,1,47,7.774933652748587,FALSE,FALSE,0.7694336527492851
623,B,1,67,7.775952986670745,TRUE,FALSE,0.7704529866714438
705,B,1,54,7.776310452409234,FALSE,FALSE,0.7708104524099326
592,B,1,61,7.7763553246732044,TRUE,FALSE,0.7708553246739029
37,C,1,58,7.777661847772833,TRUE,FALSE,0.7721618477735319
390,B,1,65,7.779257996582601,TRUE,FALSE,0.7737579965832992
837,B,1,67,7.780037003485631,TRUE,FALSE,0.7745370034863299
130,C,1,54,7.780244816833147,FALSE,FALSE,0.7747448168338451
1033,C,1,64,7.784177186687884,TRUE,FALSE,0.7786771866885829
180,C,1,53,7.786039224520209,FALSE,FALSE,0.7805392245209077
515,C,1,59,7.786055057076737,TRUE,FALSE,0.7805550570774358
444,C,1,59,7.786273525824072,TRUE,FALSE,0.7807735258247703
12,B,1,66,7.787140727941733,TRUE,FALSE,0.7816407279424311
378,B,1,62,7.787514215888223,TRUE,FALSE,0.7820142158889212
1101,C,1,55,7.7884462767178775,TRUE,FALSE,0.782946276718576
282,B,1,59,7.789324580360699,TRUE,FALSE,0.7838245803613972
1169,C,1,58,7.790784266242554,TRUE,FALSE,0.7852842662432522
1184,B,1,62,7.790918379017967,TRUE,FALSE,0.7854183790186653
96,B,1,64,7.791037220653379,TRUE,FALSE,0.7855372206540778
310,C,1,56,7.7911369600005855,TRUE,FALSE,0.785636960001284
220,C,1,58,7.791339204493852,TRUE,FALSE,0.7858392044945504
272,B,1,68,7.791577354488254,TRUE,FALSE,0.7860773544889526
72,C,1,58,7.792888051026239,TRUE,FALSE,0.7873880510269373
240,C,1,58,7.7932115874646115,TRUE,FALSE,0.78771158746531
1070,B,1,61,7.794393258198397,TRUE,FALSE,0.7888932581990957
184,A,1,73,7.7955174103044556,TRUE,FALSE,0.790017410305154
313,C,1,40,7.795772541427141,FALSE,FALSE,0.7902725414278393
1089,B,1,72,7.795889794306277,TRUE,FALSE,0.7903897943069751
959,C,1,53,7.797278009886213,FALSE,FALSE,0.7917780098869116
1053,C,1,53,7.797735863150592,FALSE,FALSE,0.7922358631512907
506,A,1,81,7.798037765875051,TRUE,TRUE,0.7925377658757498
624,B,1,65,7.798087985556776,TRUE,FALSE,0.7925879855574749
1159,C,1,51,7.798666936178051,FALSE,FALSE,0.7931669361787499
1102,C,1,57,7.798708680973505,TRUE,FALSE,0.7932086809742032
707,B,1,59,7.799467654818727,TRUE,FALSE,0.7939676548194257
435,C,1,64,7.8005821548103995,TRUE,FALSE,0.795082154811098
669,C,1,48,7.800720018312859,FALSE,FALSE,0.7952200183135574
5,A,1,83,7.80136786922958,TRUE,TRUE,0.7958678692302783
1161,C,1,61,7.801954120182927,TRUE,FALSE,0.7964541201836255
475,B,1,63,7.802037249919522,TRUE,FALSE,0.7965372499202203
980,A,1,82,7.80297072227404,TRUE,TRUE,0.7974707222747384
207,B,1,62,7.804153132568899,TRUE,FALSE,0.7986531325695978
193,B,1,66,7.804917156430747,TRUE,FALSE,0.7994171564314456
269,C,1,58,7.805266985993512,TRUE,FALSE,0.7997669859942107
764,B,1,63,7.806252842066897,TRUE,FALSE,0.8007528420675953
985,C,1,55,7.806362929382885,TRUE,FALSE,0.8008629293835838
407,C,1,63,7.806774599965138,TRUE,FALSE,0.8012745999658364
579,B,1,59,7.806961621026858,TRUE,FALSE,0.8014616210275562
318,B,1,69,7.807902162123355,TRUE,FALSE,0.8024021621240536
1091,C,1,49,7.808651912368077,FALSE,FALSE,0.8031519123687758
546,B,1,56,7.808998029999202,TRUE,FALSE,0.8034980299999006
1180,C,1,49,7.809614584835799,FALSE,FALSE,0.8041145848364977
324,B,1,57,7.809755127211247,TRUE,FALSE,0.8042551272119454
106,B,1,64,7.810300732064206,TRUE,FALSE,0.8048007320649049
234,A,1,82,7.810955064436712,TRUE,TRUE,0.8054550644374103
535,B,1,53,7.811467709205317,FALSE,FALSE,0.8059677092060156
806,B,1,68,7.811499139585067,TRUE,FALSE,0.8059991395857651
756,B,1,69,7.8122359854933165,TRUE,FALSE,0.806735985494015
1083,A,1,86,7.813255344928621,TRUE,TRUE,0.8077553449293191
941,C,1,53,7.813320974979433,FALSE,FALSE,0.8078209749801317
92,A,1,80,7.814456329604582,TRUE,TRUE,0.8089563296052802
143,B,1,62,7.817306589655345,TRUE,FALSE,0.8118065896560438
1133,C,1,53,7.8174208241580345,FALSE,FALSE,0.811920824158733
945,B,1,61,7.818259094368841,TRUE,FALSE,0.8127590943695395
955,B,1,63,7.8186166931991465,TRUE,FALSE,0.813116693199845
11,B,1,67,7.818845398054691,TRUE,FALSE,0.8133453980553895
1049,C,1,57,7.8190078982152045,TRUE,FALSE,0.813507898215903
869,A,1,85,7.820743821634096,TRUE,TRUE,0.8152438216347946
194,B,1,66,7.822075971245795,TRUE,FALSE,0.8165759712464933
960,C,1,52,7.822636470602447,FALSE,FALSE,0.8171364706031454
1178,B,1,58,7.8235967149848875,TRUE,FALSE,0.818096714985586
643,B,1,63,7.824629869512137,TRUE,FALSE,0.8191298695128353
875,B,1,59,7.8253721181208675,TRUE,FALSE,0.819872118121566
1065,B,1,68,7.825626292677043,TRUE,FALSE,0.8201262926777417
1011,B,1,71,7.82648678589976,TRUE,FALSE,0.8209867859004589
937,B,1,71,7.8266148008005985,TRUE,FALSE,0.821114800801297
1177,B,1,67,7.827122023838456,TRUE,FALSE,0.8216220238391543
1081,B,1,57,7.827178256218758,TRUE,FALSE,0.8216782562194567
368,C,1,62,7.82730479388556,TRUE,FALSE,0.8218047938862583
818,A,1,83,7.827365152119455,TRUE,TRUE,0.8218651521201537
1151,B,1,61,7.827563103972352,TRUE,FALSE,0.8220631039730506
512,B,1,60,7.828633944965986,TRUE,FALSE,0.8231339449666848
244,B,1,57,7.828721056273935,TRUE,FALSE,0.8232210562746332
60,C,1,54,7.829067077484069,FALSE,FALSE,0.8235670774847677
267,C,1,64,7.829206529564544,TRUE,FALSE,0.8237065295652428
327,B,1,66,7.829342694771185,TRUE,FALSE,0.8238426947718835
1060,B,1,68,7.8304716068196285,TRUE,FALSE,0.824971606820327
89,B,1,69,7.83053381211721,TRUE,FALSE,0.8250338121179084
1126,B,1,69,7.830563808001898,TRUE,FALSE,0.8250638080025965
715,C,1,62,7.832205251583218,TRUE,FALSE,0.8267052515839168
1000,A,1,87,7.833668727329496,TRUE,TRUE,0.8281687273301941
533,C,1,60,7.833751816055155,TRUE,FALSE,0.8282518160558539
1171,A,1,86,7.8338398926389345,TRUE,TRUE,0.828339892639633
560,A,1,77,7.83473252163094,TRUE,TRUE,0.8292325216316385
838,C,1,53,7.835980494110117,FALSE,FALSE,0.8304804941108159
1017,B,1,69,7.836864018063352,TRUE,FALSE,0.8313640180640505
786,C,1,55,7.837317136971251,TRUE,FALSE,0.8318171369719494
420,B,1,67,7.837875059041835,TRUE,FALSE,0.8323750590425334
257,B,1,64,7.837925604737393,TRUE,FALSE,0.8324256047380914
850,B,1,65,7.8385570564860245,TRUE,FALSE,0.833057056486723
637,B,1,63,7.838866793044872,TRUE,FALSE,0.8333667930455704
1196,B,1,75,7.841265530172677,TRUE,FALSE,0.8357655301733757
810,B,1,69,7.843366327637341,TRUE,FALSE,0.8378663276380394
607,B,1,64,7.844169309872086,TRUE,FALSE,0.8386693098727847
536,B,1,59,7.845243146526627,TRUE,FALSE,0.8397431465273257
848,B,1,54,7.845624507332104,FALSE,FALSE,0.8401245073328028
890,C,1,55,7.845756551589147,TRUE,FALSE,0.8402565515898459
921,B,1,57,7.84687820394538,TRUE,FALSE,0.8413782039460784
664,C,1,48,7.846946522910002,FALSE,FALSE,0.8414465229107009
291,C,1,53,7.847386139015725,FALSE,FALSE,0.8418861390164238
984,B,1,70,7.847438934826641,TRUE,FALSE,0.8419389348273398
698,C,1,63,7.847874866416532,TRUE,FALSE,0.8423748664172308
612,C,1,51,7.849949541167007,FALSE,FALSE,0.8444495411677053
256,C,1,54,7.851715913304361,FALSE,FALSE,0.8462159133050591
744,C,1,50,7.852505788239796,FALSE,FALSE,0.8470057882404944
570,B,1,65,7.852604802108544,TRUE,FALSE,0.8471048021092429
439,B,1,62,7.853818878425955,TRUE,FALSE,0.8483188784266531
359,C,1,49,7.855065841471514,FALSE,FALSE,0.8495658414722129
212,B,1,67,7.85541981550341,TRUE,FALSE,0.8499198155041086
713,C,1,57,7.855679020995012,TRUE,FALSE,0.8501790209957107
1109,B,1,63,7.855801304689521,TRUE,FALSE,0.8503013046902197
454,C,1,60,7.856071337952017,TRUE,FALSE,0.8505713379527151
402,C,1,55,7.857214650790411,TRUE,FALSE,0.8517146507911093
867,C,1,55,7.857681138699263,TRUE,FALSE,0.8521811386999616
453,B,1,63,7.858299625953805,TRUE,FALSE,0.8527996259545034
474,C,1,54,7.858470766645041,FALSE,FALSE,0.8529707666457398
782,A,1,90,7.858800636171509,TRUE,TRUE,0.8533006361722073
832,A,1,79,7.859422206714953,TRUE,TRUE,0.8539222067156516
975,B,1,62,7.8616754185459286,TRUE,FALSE,0.856175418546627
911,C,1,51,7.861730387732678,FALSE,FALSE,0.8562303877333761
793,B,1,67,7.861790263392322,TRUE,FALSE,0.8562902633930207
418,B,1,64,7.861918487360526,TRUE,FALSE,0.8564184873612248
204,B,1,59,7.861946393561084,TRUE,FALSE,0.8564463935617823
797,B,1,60,7.861948341847892,TRUE,FALSE,0.8564483418485906
701,B,1,56,7.862749032021384,TRUE,FALSE,0.8572490320220822
230,C,1,41,7.8629232530911395,FALSE,FALSE,0.857423253091838
757,A,1,90,7.8630148688316694,TRUE,TRUE,0.8575148688323679
290,C,1,55,7.864367022702936,TRUE,FALSE,0.8588670227036346
1172,C,1,60,7.865080258336093,TRUE,FALSE,0.8595802583367913
65,C,1,59,7.865167102816486,TRUE,FALSE,0.8596671028171841
222,C,1,59,7.867304893039545,TRUE,FALSE,0.8618048930402438
736,B,1,63,7.867790312364377,TRUE,FALSE,0.8622903123650758
1003,B,1,77,7.868024432198581,TRUE,TRUE,0.8625244321992795
565,A,1,86,7.8680436594404455,TRUE,TRUE,0.862543659441144
35,B,1,61,7.868511353895883,TRUE,FALSE,0.8630113538965816
969,B,1,63,7.869420522980363,TRUE,FALSE,0.8639205229810614
1145,C,1,60,7.869838549424458,TRUE,FALSE,0.8643385494251561
917,C,1,60,7.86986099193382,TRUE,FALSE,0.8643609919345181
903,A,1,81,7.869912858754105,TRUE,TRUE,0.8644128587548039
242,B,1,59,7.8702777339858585,TRUE,FALSE,0.864777733986557
391,C,1,58,7.870694988316245,TRUE,FALSE,0.8651949883169436
107,B,1,64,7.8710827171380515,TRUE,FALSE,0.86558271713875
187,B,1,56,7.871292016123334,TRUE,FALSE,0.8657920161240327
16,B,1,62,7.871402988585032,TRUE,FALSE,0.8659029885857308
872,B,1,62,7.872471655642585,TRUE,FALSE,0.8669716556432832
22,C,1,51,7.8726568370257155,FALSE,FALSE,0.867156837026414
1092,B,1,58,7.8727156797431235,TRUE,FALSE,0.867215679743822
281,A,1,84,7.872873101725418,TRUE,TRUE,0.8673731017261161
77,B,1,68,7.873785333667911,TRUE,FALSE,0.8682853336686094
841,B,1,63,7.873865106019366,TRUE,FALSE,0.8683651060200646
175,B,1,64,7.874101199544384,TRUE,FALSE,0.8686011995450826
881,C,1,49,7.874986462837114,FALSE,FALSE,0.8694864628378127
721,B,1,66,7.875699959022313,TRUE,FALSE,0.8701999590230116
159,B,1,74,7.876097482308978,TRUE,FALSE,0.8705974823096767
531,B,1,53,7.876556606890517,FALSE,FALSE,0.8710566068912158
704,C,1,49,7.876648570396355,FALSE,FALSE,0.8711485703970538
479,A,1,77,7.877597879254608,TRUE,TRUE,0.8720978792553069
1173,A,1,86,7.877806411390338,TRUE,TRUE,0.8723064113910368
833,B,1,55,7.87809212405773,TRUE,FALSE,0.8725921240584285
173,A,1,87,7.879043729011755,TRUE,TRUE,0.8735437290124537
246,C,1,57,7.879160266096733,TRUE,FALSE,0.8736602660974313
120,C,1,57,7.879328986586188,TRUE,FALSE,0.8738289865868865
1008,B,1,63,7.879394186420541,TRUE,FALSE,0.8738941864212393
275,A,1,82,7.879723327198008,TRUE,TRUE,0.8742233271987061
983,C,1,49,7.880544519408431,FALSE,FALSE,0.8750445194091299
111,C,1,62,7.882533158503065,TRUE,FALSE,0.8770331585037638
814,A,1,78,7.882879667340603,TRUE,TRUE,0.8773796673413017
1076,C,1,69,7.8833049540517095,TRUE,FALSE,0.877804954052408
66,A,1,77,7.884159513607301,TRUE,TRUE,0.8786595136079995
556,B,1,64,7.884289452318626,TRUE,FALSE,0.8787894523193245
103,A,1,86,7.884770390362974,TRUE,TRUE,0.879270390363672
301,B,1,55,7.886110672105133,TRUE,FALSE,0.8806106721058313
780,A,1,75,7.8867782969464315,TRUE,FALSE,0.88127829694713
94,B,1,66,7.887548339327623,TRUE,FALSE,0.8820483393283212
203,A,1,82,7.887829356826842,TRUE,TRUE,0.8823293568275403
67,C,1,54,7.887921810175612,FALSE,FALSE,0.8824218101763108
398,C,1,60,7.888445468735881,TRUE,FALSE,0.8829454687365796
626,A,1,85,7.888667765291757,TRUE,TRUE,0.8831677652924554
743,B,1,64,7.888893594215915,TRUE,FALSE,0.8833935942166136
109,C,1,56,7.889319499001431,TRUE,FALSE,0.8838194990021293
61,B,1,61,7.889961949575081,TRUE,FALSE,0.8844619495757797
373,B,1,64,7.890800804230821,TRUE,FALSE,0.8853008042315196
88,B,1,67,7.8909464705466235,TRUE,FALSE,0.885446470547322
1095,B,1,69,7.891652915823215,TRUE,FALSE,0.8861529158239136
445,B,1,58,7.892098836957302,TRUE,FALSE,0.8865988369580009
40,A,1,80,7.892303410026216,TRUE,TRUE,0.8868034100269142
422,C,1,61,7.892456728841353,TRUE,FALSE,0.8869567288420512
265,B,1,62,7.892486677657871,TRUE,FALSE,0.8869866776585695
7,C,1,53,7.8928258673186065,FALSE,FALSE,0.887325867319305
286,B,1,62,7.8933634716850065,TRUE,FALSE,0.887863471685705
954,A,1,83,7.893804079216352,TRUE,TRUE,0.8883040792170505
167,B,1,65,7.894208545538277,TRUE,FALSE,0.8887085455389752
208,C,1,46,7.894240874196839,FALSE,FALSE,0.8887408741975378
342,C,1,56,7.894524820461811,TRUE,FALSE,0.8890248204625095
1122,B,1,60,7.895091894391953,TRUE,FALSE,0.8895918943926517
1176,B,1,70,7.895265176615794,TRUE,FALSE,0.8897651766164927
166,B,1,59,7.895628304911952,TRUE,FALSE,0.8901283049126505
254,B,1,66,7.895809098255995,TRUE,FALSE,0.8903090982566937
33,A,1,82,7.895973649134248,TRUE,TRUE,0.8904736491349468
496,C,1,52,7.896988577849697,FALSE,FALSE,0.8914885778503958
648,B,1,66,7.897018766219844,TRUE,FALSE,0.8915187662205426
42,C,1,53,7.89706777518586,FALSE,FALSE,0.8915677751865587
501,B,1,74,7.897100574122305,TRUE,FALSE,0.8916005741230038
25,B,1,56,7.8972207467923,TRUE,FALSE,0.8917207467929984
665,C,1,56,7.897390573503799,TRUE,FALSE,0.8918905735044973
355,A,1,81,7.898193320270366,TRUE,TRUE,0.8926933202710643
213,C,1,57,7.898390735324938,TRUE,FALSE,0.8928907353256363
458,B,1,61,7.8984160803229315,TRUE,FALSE,0.89291608032363
110,B,1,66,7.899190523887228,TRUE,FALSE,0.8936905238879262
134,C,1,56,7.899192107746785,TRUE,FALSE,0.8936921077474835
685,C,1,60,7.899573737046012,TRUE,FALSE,0.8940737370467104
647,B,1,67,7.900067825004953,TRUE,FALSE,0.8945678250056517
297,B,1,64,7.9002673246468476,TRUE,FALSE,0.894767324647546
893,A,1,84,7.9006182631492266,TRUE,TRUE,0.895118263149925
1030,B,1,65,7.901020728189906,TRUE,FALSE,0.8955207281906041
336,B,1,66,7.901422282055137,TRUE,FALSE,0.8959222820558352
908,C,1,53,7.901738534303149,FALSE,FALSE,0.8962385343038477
854,C,1,44,7.902150142363098,FALSE,FALSE,0.8966501423637965
770,B,1,58,7.902184570219106,TRUE,FALSE,0.8966845702198043
147,B,1,66,7.902541796418518,TRUE,FALSE,0.8970417964192166
925,B,1,69,7.903063307017874,TRUE,FALSE,0.8975633070185722
753,B,1,55,7.903264455835597,TRUE,FALSE,0.8977644558362954
752,B,1,58,7.903817511443776,TRUE,FALSE,0.8983175114444748
197,B,1,59,7.90438054417973,TRUE,FALSE,0.8988805441804288
523,B,1,66,7.904900083420216,TRUE,FALSE,0.8994000834209146
831,C,1,52,7.904935801016109,FALSE,FALSE,0.8994358010168071
370,B,1,65,7.904961300715513,TRUE,FALSE,0.8994613007162116
211,C,1,55,7.90509380567164,TRUE,FALSE,0.8995938056723389
812,B,1,59,7.9054625418866635,TRUE,FALSE,0.899962541887362
419,C,1,57,7.9057227499033615,TRUE,FALSE,0.90022274990406
215,B,1,67,7.907010853272368,TRUE,FALSE,0.9015108532730665
1167,A,1,79,7.907415109028079,TRUE,TRUE,0.9019151090287778
855,C,1,60,7.907503754438949,TRUE,FALSE,0.9020037544396473
679,B,1,65,7.907639515477058,TRUE,FALSE,0.9021395154777565
99,B,1,67,7.908049194906198,TRUE,FALSE,0.9025491949068964
517,B,1,51,7.908075164552429,FALSE,FALSE,0.9025751645531273
315,C,1,41,7.908723336149706,FALSE,FALSE,0.9032233361504041
1084,B,1,52,7.90932324210371,FALSE,FALSE,0.9038232421044086
976,B,1,64,7.9094917021539,TRUE,FALSE,0.9039917021545989
168,C,1,44,7.909694890382525,FALSE,FALSE,0.9041948903832235
285,A,1,80,7.909798174598109,TRUE,TRUE,0.9042981745988072
367,B,1,61,7.909835894301068,TRUE,FALSE,0.9043358943017665
136,B,1,70,7.910009778999665,TRUE,FALSE,0.9045097790003638
491,C,1,54,7.910119339794619,FALSE,FALSE,0.9046193397953175
424,B,1,59,7.910905710759835,TRUE,FALSE,0.9054057107605331
610,B,1,62,7.911180559316563,TRUE,FALSE,0.9056805593172612
568,C,1,53,7.912159305520618,FALSE,FALSE,0.9066593055213161
824,B,1,62,7.912321257055737,TRUE,FALSE,0.9068212570564356
1183,B,1,63,7.913981166719168,TRUE,FALSE,0.9084811667198665
555,A,1,91,7.9143531074187194,TRUE,TRUE,0.9088531074194179
514,B,1,67,7.916938775058952,TRUE,FALSE,0.9114387750596507
259,C,1,54,7.917173915375315,FALSE,FALSE,0.9116739153760136
27,B,1,67,7.917434934341145,TRUE,FALSE,0.9119349343418435
81,B,1,66,7.918611535456876,TRUE,FALSE,0.9131115354575741
152,B,1,62,7.918971367424092,TRUE,FALSE,0.9134713674247905
630,C,1,55,7.919358712846588,TRUE,FALSE,0.9138587128472864
815,B,1,58,7.919677970876364,TRUE,FALSE,0.9141779708770628
720,C,1,57,7.919863976374472,TRUE,FALSE,0.9143639763751708
819,C,1,45,7.920459981178283,FALSE,FALSE,0.9149599811789813
575,B,1,67,7.920555434655398,TRUE,FALSE,0.9150554346560966
289,B,1,56,7.920737405616819,TRUE,FALSE,0.9152374056175177
520,B,1,59,7.921194627873774,TRUE,FALSE,0.9156946278744726
51,B,1,64,7.921308160712215,TRUE,FALSE,0.9158081607129134
494,C,1,60,7.921810030489723,TRUE,FALSE,0.9163100304904219
127,A,1,79,7.922903432987368,TRUE,TRUE,0.9174034329880669
1042,C,1,40,7.922930404667568,FALSE,FALSE,0.9174304046682664
396,A,1,74,7.922995132536016,TRUE,FALSE,0.9174951325367147
601,A,1,79,7.923004549546022,TRUE,TRUE,0.9175045495467202
644,C,1,50,7.924170843878528,FALSE,FALSE,0.9186708438792266
1120,B,1,59,7.924265067293163,TRUE,FALSE,0.9187650672938616
963,B,1,62,7.924708059847035,TRUE,FALSE,0.9192080598477332
529,B,1,67,7.925240747426869,TRUE,FALSE,0.9197407474275678
1132,B,1,75,7.925492684847995,TRUE,FALSE,0.9199926848486939
132,C,1,53,7.926133458091499,FALSE,FALSE,0.9206334580921975
689,C,1,55,7.927436141642829,TRUE,FALSE,0.9219361416435277
394,B,1,55,7.928208233708574,TRUE,FALSE,0.9227082337092725
939,B,1,68,7.928982809262379,TRUE,FALSE,0.9234828092630778
255,B,1,63,7.929797812823381,TRUE,FALSE,0.9242978128240793
631,C,1,49,7.930151125845441,FALSE,FALSE,0.9246511258461396
1031,B,1,65,7.930930013917532,TRUE,FALSE,0.9254300139182305
261,B,1,56,7.931835168466932,TRUE,FALSE,0.9263351684676309
916,C,1,59,7.931900997973571,TRUE,FALSE,0.9264009979742696
258,A,1,86,7.93216881315675,TRUE,TRUE,0.9266688131574483
1135,C,1,62,7.932288196072477,TRUE,FALSE,0.9267881960731756
174,C,1,54,7.933062666172191,FALSE,FALSE,0.9275626661728893
866,C,1,59,7.933579354437825,TRUE,FALSE,0.9280793544385233
513,B,1,57,7.934114699211932,TRUE,FALSE,0.9286146992126305
433,C,1,62,7.934528789293836,TRUE,FALSE,0.9290287892945344
1058,C,1,54,7.9346962481758965,FALSE,FALSE,0.929196248176595
1192,B,1,67,7.93470025269562,TRUE,FALSE,0.9292002526963188
305,A,1,81,7.93522099186157,TRUE,TRUE,0.9297209918622684
432,B,1,59,7.93522896858849,TRUE,FALSE,0.9297289685891883
751,C,1,57,7.935250212944084,TRUE,FALSE,0.9297502129447821
1164,B,1,66,7.935880378601723,TRUE,FALSE,0.9303803786024218
805,C,1,59,7.935969178757659,TRUE,FALSE,0.9304691787583579
606,C,1,64,7.936535303550045,TRUE,FALSE,0.9310353035507433
498,B,1,67,7.936882556681667,TRUE,FALSE,0.9313825566823652
710,C,1,53,7.936971665443707,FALSE,FALSE,0.9314716654444055
828,B,1,64,7.9374937319116725,TRUE,FALSE,0.931993731912371
15,B,1,70,7.937645993559272,TRUE,FALSE,0.9321459935599705
1115,B,1,64,7.939216121900245,TRUE,FALSE,0.9337161219009431
1005,A,1,85,7.940202555124415,TRUE,TRUE,0.9347025551251136
437,C,1,52,7.940224366528128,FALSE,FALSE,0.9347243665288261
113,B,1,64,7.940430555343482,TRUE,FALSE,0.9349305553441809
879,B,1,55,7.940434817763162,TRUE,FALSE,0.9349348177638603
967,B,1,63,7.940809585619718,TRUE,FALSE,0.9353095856204163
827,C,1,58,7.9413442076292995,TRUE,FALSE,0.935844207629998
354,B,1,69,7.942467759028659,TRUE,FALSE,0.9369677590293577
599,A,1,80,7.942912850048742,TRUE,TRUE,0.9374128500494407
1077,C,1,55,7.944241404406057,TRUE,FALSE,0.9387414044067555
763,C,1,53,7.944275781763281,FALSE,FALSE,0.9387757817639795
122,A,1,84,7.9442959311454615,TRUE,TRUE,0.93879593114616
640,C,1,49,7.9447070647074725,FALSE,FALSE,0.939207064708171
887,A,1,89,7.944764958370797,TRUE,TRUE,0.9392649583714956
1131,C,1,64,7.945273754769005,TRUE,FALSE,0.9397737547697034
1127,A,1,84,7.946109441756562,TRUE,TRUE,0.9406094417572604
1028,A,1,83,7.946174402593897,TRUE,TRUE,0.9406744025945954
948,C,1,56,7.946869483876071,TRUE,FALSE,0.9413694838767697
361,B,1,74,7.947041343159071,TRUE,FALSE,0.9415413431597699
372,B,1,58,7.947842560810386,TRUE,FALSE,0.9423425608110847
649,C,1,54,7.948040512397711,FALSE,FALSE,0.9425405123984092
940,C,1,64,7.948820078083372,TRUE,FALSE,0.9433200780840707
119,B,1,60,7.94890789427518,TRUE,FALSE,0.9434078942758788
178,C,1,53,7.94913637848731,FALSE,FALSE,0.9436363784880086
638,B,1,60,7.94927797722994,TRUE,FALSE,0.9437779772306385
892,C,1,56,7.949343337699247,TRUE,FALSE,0.9438433376999456
835,B,1,62,7.9496590617527545,TRUE,FALSE,0.944159061753453
934,B,1,66,7.949826832023973,TRUE,FALSE,0.9443268320246716
1064,B,1,59,7.951273292153928,TRUE,FALSE,0.9457732921546267
1100,B,1,60,7.95201030010503,TRUE,FALSE,0.9465103001057287
846,B,1,59,7.952169939526357,TRUE,FALSE,0.9466699395270552
52,B,1,66,7.953183549478126,TRUE,FALSE,0.9476835494788247
725,C,1,54,7.953321570956177,FALSE,FALSE,0.9478215709568758
114,C,1,54,7.953439170149068,FALSE,FALSE,0.9479391701497661
1010,B,1,61,7.953833380062861,TRUE,FALSE,0.9483333800635592
530,B,1,55,7.953904772854003,TRUE,FALSE,0.9484047728547012
24,B,1,64,7.954134489915305,TRUE,FALSE,0.9486344899160031
393,B,1,66,7.954694112871948,TRUE,FALSE,0.9491941128726467
478,B,1,66,7.95470113140982,TRUE,FALSE,0.9492011314105184
915,C,1,54,7.955828352809476,FALSE,FALSE,0.9503283528101747
295,C,1,66,7.956072361248516,TRUE,FALSE,0.9505723612492147
341,B,1,65,7.956102631007525,TRUE,FALSE,0.9506026310082234
929,C,1,51,7.956240591553069,FALSE,FALSE,0.9507405915537674
1019,B,1,69,7.956587589891569,TRUE,FALSE,0.9510875898922677
845,A,1,84,7.957195211529324,TRUE,TRUE,0.9516952115300228
392,A,1,89,7.957841750212538,TRUE,TRUE,0.9523417502132361
146,C,1,58,7.959225497499574,TRUE,FALSE,0.9537254975002725
816,A,1,82,7.95935127361372,TRUE,TRUE,0.9538512736144185
746,B,1,58,7.959462533272017,TRUE,FALSE,0.9539625332727155
241,C,1,53,7.959985992722068,FALSE,FALSE,0.9544859927227662
526,B,1,64,7.960453558876907,TRUE,FALSE,0.9549535588776052
1025,B,1,59,7.9607669328543125,TRUE,FALSE,0.955266932855011
795,C,1,57,7.961003773754783,TRUE,FALSE,0.9555037737554812
735,B,1,55,7.961120460811799,TRUE,FALSE,0.9556204608124972
374,B,1,58,7.961263192762999,TRUE,FALSE,0.9557631927636976
1055,C,1,53,7.961487763423065,FALSE,FALSE,0.9559877634237637
602,B,1,58,7.962176757424459,TRUE,FALSE,0.9566767574251571
314,C,1,54,7.963042221836076,FALSE,FALSE,0.9575422218367748
548,C,1,48,7.964027941190579,FALSE,FALSE,0.9585279411912779
519,A,1,77,7.96432449157146,TRUE,TRUE,0.9588244915721589
2,B,1,69,7.9643519967467,TRUE,FALSE,0.9588519967473985
708,C,1,57,7.964535377355787,TRUE,FALSE,0.9590353773564857
338,B,1,59,7.964546270894061,TRUE,FALSE,0.9590462708947598
162,C,1,55,7.965059928526898,TRUE,FALSE,0.9595599285275966
386,C,1,54,7.965314759658213,FALSE,FALSE,0.9598147596589115
363,B,1,68,7.965411656037759,TRUE,FALSE,0.9599116560384573
85,B,1,64,7.966222148832458,TRUE,FALSE,0.9607221488331561
674,B,1,63,7.9666163331967255,TRUE,FALSE,0.961116333197424
321,B,1,68,7.966694008668128,TRUE,FALSE,0.9611940086688264
19,B,1,61,7.9668745211056375,TRUE,FALSE,0.961374521106336
1032,B,1,67,7.967213762938627,TRUE,FALSE,0.9617137629393255
693,C,1,55,7.967502510498889,TRUE,FALSE,0.9620025104995875
279,B,1,68,7.967565859849856,TRUE,FALSE,0.9620658598505543
104,A,1,86,7.967773791999207,TRUE,TRUE,0.9622737919999054
264,B,1,70,7.968028605693689,TRUE,FALSE,0.9625286056943878
532,B,1,64,7.968593396879442,TRUE,FALSE,0.9630933968801401
235,B,1,62,7.969061239138682,TRUE,FALSE,0.9635612391393806
625,B,1,60,7.969298663370864,TRUE,FALSE,0.9637986633715627
30,B,1,66,7.969694089024415,TRUE,FALSE,0.9641940890251135
888,A,1,90,7.969759245039313,TRUE,TRUE,0.9642592450400116
6,C,1,55,7.969903967550636,TRUE,FALSE,0.9644039675513341
427,C,1,64,7.970183803347027,TRUE,FALSE,0.9646838033477252
21,B,1,59,7.970428527398326,TRUE,FALSE,0.9649285273990245
274,C,1,58,7.9707401537307305,TRUE,FALSE,0.965240153731429
803,B,1,72,7.9711409270857985,TRUE,FALSE,0.965640927086497
545,C,1,67,7.97115597967786,TRUE,FALSE,0.9656559796785587
571,B,1,67,7.971417031621968,TRUE,FALSE,0.9659170316226664
978,B,1,58,7.9719176549624535,TRUE,FALSE,0.966417654963152
936,C,1,55,7.971920176692947,TRUE,FALSE,0.9664201766936458
217,A,1,82,7.972757963631011,TRUE,TRUE,0.9672579636317096
292,B,1,61,7.972926121859928,TRUE,FALSE,0.9674261218606262
164,C,1,48,7.9731846220674925,FALSE,FALSE,0.967684622068191
380,A,1,77,7.973665309458738,TRUE,TRUE,0.9681653094594367
1186,C,1,48,7.974244119286595,FALSE,FALSE,0.9687441192872939
154,B,1,59,7.974556925313664,TRUE,FALSE,0.9690569253143622
968,A,1,80,7.975021850757912,TRUE,TRUE,0.9695218507586105
1039,B,1,68,7.975226981059677,TRUE,FALSE,0.9697269810603757
697,C,1,51,7.976873369287205,FALSE,FALSE,0.9713733692879032
716,C,1,53,7.976904984538123,FALSE,FALSE,0.9714049845388217
1114,B,1,66,7.977074528655066,TRUE,FALSE,0.9715745286557649
829,C,1,46,7.977281425333786,FALSE,FALSE,0.9717814253344841
582,C,1,57,7.97731480326911,TRUE,FALSE,0.9718148032698082
1086,B,1,60,7.977372043340438,TRUE,FALSE,0.9718720433411363
219,C,1,51,7.9780850765928335,FALSE,FALSE,0.972585076593532
332,B,1,68,7.978239276999375,TRUE,FALSE,0.9727392770000733
953,A,1,80,7.980130960888346,TRUE,TRUE,0.9746309608890442
128,C,1,45,7.980662688707525,FALSE,FALSE,0.9751626887082239
360,C,1,53,7.981395046546822,FALSE,FALSE,0.9758950465475209
572,B,1,64,7.982061249014805,TRUE,FALSE,0.9765612490155036
1069,C,1,48,7.982143426139373,FALSE,FALSE,0.9766434261400718
508,C,1,63,7.982785253341717,TRUE,FALSE,0.9772852533424157
604,A,1,80,7.983021329553594,TRUE,TRUE,0.9775213295542926
629,A,1,84,7.983096775136801,TRUE,TRUE,0.9775967751374992
495,A,1,79,7.983321884839825,TRUE,TRUE,0.9778218848405231
552,B,1,70,7.983443259327032,TRUE,FALSE,0.9779432593277306
695,B,1,66,7.983632453608152,TRUE,FALSE,0.9781324536088505
593,B,1,63,7.983731466356403,TRUE,FALSE,0.9782314663571015
121,A,1,76,7.984122968991869,TRUE,TRUE,0.9786229689925676
895,C,1,49,7.984399938119168,FALSE,FALSE,0.9788999381198664
733,C,1,47,7.985299157498957,FALSE,FALSE,0.9797991574996558
931,C,1,56,7.986368285808567,TRUE,FALSE,0.9808682858092652
55,C,1,49,7.9864676583820255,FALSE,FALSE,0.980967658382724
465,B,1,59,7.986629281986097,TRUE,FALSE,0.9811292819867958
39,C,1,54,7.986985403436847,FALSE,FALSE,0.9814854034375458
247,A,1,79,7.988368745162006,TRUE,TRUE,0.9828687451627047
882,C,1,50,7.988400307178381,FALSE,FALSE,0.9829003071790794
287,B,1,64,7.98850727736135,TRUE,FALSE,0.9830072773620486
1047,B,1,59,7.988758607265481,TRUE,FALSE,0.9832586072661798
505,C,1,58,7.9888529950912925,TRUE,FALSE,0.983352995091991
1148,B,1,65,7.9890767907309055,TRUE,FALSE,0.983576790731604
185,B,1,65,7.99027214880698,TRUE,FALSE,0.9847721488076786
345,C,1,50,7.9913559550877835,FALSE,FALSE,0.985855955088482
557,B,1,60,7.9917102215731575,TRUE,FALSE,0.986210221573856
440,B,1,59,7.992382403695956,TRUE,FALSE,0.9868824036966544
423,B,1,58,7.993407983627549,TRUE,FALSE,0.9879079836282472
717,B,1,66,7.993730830963614,TRUE,FALSE,0.9882308309643122
102,B,1,64,7.9944810449342185,TRUE,FALSE,0.988981044934917
377,C,1,59,7.99448744617257,TRUE,FALSE,0.9889874461732688
214,C,1,51,7.9951770968291385,FALSE,FALSE,0.989677096829837
769,B,1,61,7.99528154636937,TRUE,FALSE,0.9897815463700681
597,A,1,78,7.995351148747432,TRUE,TRUE,0.9898511487481301
497,A,1,84,7.9959056815750955,TRUE,TRUE,0.990405681575794
884,B,1,63,7.997468355555611,TRUE,FALSE,0.9919683555563097
43,B,1,70,7.9979180473783344,TRUE,FALSE,0.9924180473790329
477,B,1,67,7.998005880483106,TRUE,FALSE,0.9925058804838045
483,A,1,84,7.9988749633521365,TRUE,TRUE,0.993374963352835
1117,B,1,68,7.999743074931757,TRUE,FALSE,0.9942430749324558
777,B,1,58,8.000021630654373,TRUE,FALSE,0.9945216306550719
26,B,1,63,8.001566693303175,TRUE,FALSE,0.9960666933038738
862,B,1,60,8.002005929378356,TRUE,FALSE,0.9965059293790546
91,B,1,67,8.003279297565314,TRUE,FALSE,0.9977792975660122
1141,B,1,59,8.003316351343528,TRUE,FALSE,0.9978163513442269
1179,C,1,58,8.00347346412309,TRUE,FALSE,0.9979734641237883
434,B,1,61,8.003656551310996,TRUE,FALSE,0.9981565513116948
946,B,1,55,8.004277431788068,TRUE,FALSE,0.998777431788767
739,B,1,66,8.004370937138447,TRUE,FALSE,0.9988709371391451
312,C,1,50,8.005966776891,FALSE,FALSE,1.0004667768916988
163,C,1,53,8.006729337466822,FALSE,FALSE,1.001229337467521
729,B,1,60,8.008420287937042,TRUE,FALSE,1.0029202879377408
492,C,1,58,8.008526234567398,TRUE,FALSE,1.0030262345680967
802,B,1,59,8.008699776350113,TRUE,FALSE,1.0031997763508116
188,B,1,68,8.008988636731374,TRUE,FALSE,1.0034886367320723
1088,A,1,88,8.009373079683428,TRUE,TRUE,1.0038730796841264
277,C,1,42,8.009397687845194,FALSE,FALSE,1.0038976878458925
326,B,1,62,8.009951177173207,TRUE,FALSE,1.0044511771739053
86,C,1,63,8.010179562817939,TRUE,FALSE,1.0046795628186374
308,A,1,88,8.01104111405948,TRUE,TRUE,1.005541114060179
675,C,1,56,8.012328507924394,TRUE,FALSE,1.0068285079250927
656,C,1,50,8.013075712140562,FALSE,FALSE,1.0075757121412607
540,B,1,71,8.01331196445608,TRUE,FALSE,1.0078119644567778
69,C,1,54,8.013344600203709,FALSE,FALSE,1.0078446002044075
910,C,1,53,8.013770260495221,FALSE,FALSE,1.0082702604959195
933,A,1,83,8.013917184871389,TRUE,TRUE,1.008417184872087
791,B,1,57,8.015029997764941,TRUE,FALSE,1.0095299977656396
580,A,1,82,8.015261515527527,TRUE,TRUE,1.0097615155282256
820,B,1,64,8.015491653590288,TRUE,FALSE,1.009991653590987
101,C,1,49,8.015827064202313,FALSE,FALSE,1.010327064203011
79,B,1,60,8.015907786484604,TRUE,FALSE,1.0104077864853025
566,B,1,52,8.016014515815186,FALSE,FALSE,1.0105145158158848
988,B,1,63,8.016026226727263,TRUE,FALSE,1.0105262267279613
1027,C,1,53,8.016145950139617,FALSE,FALSE,1.010645950140315
105,C,1,55,8.017106502422394,TRUE,FALSE,1.011606502423092
964,B,1,65,8.017473561059887,TRUE,FALSE,1.0119735610605858
201,B,1,60,8.017533096444822,TRUE,FALSE,1.0120330964455206
1128,A,1,88,8.018165473775298,TRUE,TRUE,1.0126654737759964
591,B,1,71,8.018764427284623,TRUE,FALSE,1.0132644272853213
627,C,1,47,8.01885132699681,FALSE,FALSE,1.0133513269975083
755,B,1,68,8.019114820337563,TRUE,FALSE,1.0136148203382618
957,B,1,64,8.019392843660171,TRUE,FALSE,1.0138928436608694
70,B,1,63,8.019474257191177,TRUE,FALSE,1.013974257191876
262,C,1,60,8.01978160159706,TRUE,FALSE,1.0142816015977587
284,A,1,85,8.02079228859293,TRUE,TRUE,1.0152922885936277
598,B,1,73,8.021088005763886,TRUE,FALSE,1.0155880057645845
734,B,1,64,8.021136631828995,TRUE,FALSE,1.0156366318296932
538,C,1,58,8.022918371389096,TRUE,FALSE,1.0174183713897946
346,C,1,67,8.022998367152468,TRUE,FALSE,1.0174983671531663
417,C,1,44,8.02348407307727,FALSE,FALSE,1.0179840730779688
771,A,1,83,8.023708602715487,TRUE,TRUE,1.0182086027161859
330,C,1,61,8.024079163205897,TRUE,FALSE,1.0185791632065957
874,C,1,53,8.024524398413632,FALSE,FALSE,1.0190243984143308
564,B,1,61,8.024683454681508,TRUE,FALSE,1.0191834546822065
1163,C,1,54,8.024853532802808,FALSE,FALSE,1.0193535328035068
157,B,1,74,8.025461758559686,TRUE,FALSE,1.0199617585603846
233,B,1,68,8.026277903889422,TRUE,FALSE,1.0207779038901208
385,B,1,61,8.026976458666468,TRUE,FALSE,1.0214764586671663
799,A,1,81,8.027223095585214,TRUE,TRUE,1.0217230955859122
1021,C,1,51,8.027328748994478,FALSE,FALSE,1.0218287489951763
787,B,1,59,8.027583977131144,TRUE,FALSE,1.0220839771318424
1051,B,1,62,8.02834437641286,TRUE,FALSE,1.022844376413559
430,A,1,79,8.028595819130715,TRUE,TRUE,1.023095819131413
388,C,1,56,8.030116124249616,TRUE,FALSE,1.024616124250315
809,C,1,49,8.031109964624193,FALSE,FALSE,1.0256099646248913
384,B,1,59,8.031545618621749,TRUE,FALSE,1.0260456186224474
1075,C,1,48,8.031912497724988,FALSE,FALSE,1.026412497725687
1166,B,1,58,8.032374382033595,TRUE,FALSE,1.0268743820342934
1046,C,1,46,8.032417818467366,FALSE,FALSE,1.026917818468064
642,C,1,61,8.032546492402616,TRUE,FALSE,1.027046492403315
586,B,1,67,8.03256109078211,TRUE,FALSE,1.0270610907828086
205,B,1,62,8.032775460735138,TRUE,FALSE,1.0272754607358365
902,C,1,60,8.032903844225075,TRUE,FALSE,1.0274038442257734
71,B,1,68,8.033131360563857,TRUE,FALSE,1.0276313605645555
726,C,1,49,8.033590988361539,FALSE,FALSE,1.0280909883622371
589,C,1,57,8.034270597705472,TRUE,FALSE,1.0287705977061705
646,A,1,82,8.03544381300162,TRUE,TRUE,1.029943813002319
792,A,1,76,8.035723539720493,TRUE,TRUE,1.0302235397211916
840,C,1,67,8.035847285897034,TRUE,FALSE,1.030347285897733
365,A,1,79,8.035911559185479,TRUE,TRUE,1.0304115591861773
397,B,1,58,8.036199441987264,TRUE,FALSE,1.030699441987963
507,C,1,53,8.036554887057719,FALSE,FALSE,1.031054887058417
993,B,1,65,8.037270109885867,TRUE,FALSE,1.0317701098865655
551,B,1,55,8.037469538943697,TRUE,FALSE,1.031969538944395
817,B,1,68,8.037736373222288,TRUE,FALSE,1.032236373222986
865,B,1,64,8.03788710095614,TRUE,FALSE,1.0323871009568393
411,B,1,67,8.038058047903178,TRUE,FALSE,1.0325580479038763
754,B,1,64,8.03830763296719,TRUE,FALSE,1.032807632967888
87,B,1,62,8.038831978206872,TRUE,FALSE,1.0333319782075705
990,B,1,64,8.039095466418075,TRUE,FALSE,1.0335954664187739
470,C,1,54,8.040061417927063,FALSE,FALSE,1.0345614179277618
1098,C,1,51,8.04013291096635,FALSE,FALSE,1.0346329109670478
730,A,1,84,8.0404211278219,TRUE,TRUE,1.0349211278225994
466,C,1,55,8.040486917809176,TRUE,FALSE,1.0349869178098743
970,C,1,51,8.041249396133935,FALSE,FALSE,1.0357493961346336
1155,A,1,80,8.04135201315512,TRUE,TRUE,1.035852013155818
38,B,1,60,8.042023688845802,TRUE,FALSE,1.0365236888465006
263,B,1,66,8.042201116524666,TRUE,FALSE,1.0367011165253643
387,C,1,56,8.042471253800613,TRUE,FALSE,1.0369712538013118
459,B,1,61,8.042958999965776,TRUE,FALSE,1.037458999966475
1142,B,1,58,8.044157612876006,TRUE,FALSE,1.0386576128767047
446,B,1,60,8.04482752736294,TRUE,FALSE,1.039327527363639
728,B,1,61,8.04528806759481,TRUE,FALSE,1.0397880675955093
1157,A,1,82,8.045366060581728,TRUE,TRUE,1.0398660605824261
438,C,1,68,8.046258987949841,TRUE,FALSE,1.0407589879505394
900,C,1,52,8.046356369930436,FALSE,FALSE,1.0408563699311344
578,B,1,71,8.046843539628753,TRUE,FALSE,1.0413435396294517
723,B,1,58,8.046846656743583,TRUE,FALSE,1.041346656744281
658,C,1,48,8.047020499852806,FALSE,FALSE,1.0415204998535046
1156,A,1,75,8.047290279231675,TRUE,FALSE,1.041790279232373
1160,A,1,84,8.04761067954314,TRUE,TRUE,1.042110679543839
468,C,1,55,8.04771818109657,TRUE,FALSE,1.0422181810972688
131,B,1,59,8.04778170422287,TRUE,FALSE,1.0422817042235692
923,C,1,62,8.04843845317373,TRUE,FALSE,1.042938453174429
317,A,1,88,8.048848771937628,TRUE,TRUE,1.0433487719383265
1174,B,1,60,8.049169728325069,TRUE,FALSE,1.0436697283257672
821,C,1,53,8.049488686483528,FALSE,FALSE,1.0439886864842265
913,B,1,64,8.049521301345521,TRUE,FALSE,1.0440213013462198
1094,B,1,70,8.049838788003399,TRUE,FALSE,1.0443387880040973
691,B,1,61,8.050073990925739,TRUE,FALSE,1.0445739909264375
268,C,1,64,8.050376669401885,TRUE,FALSE,1.0448766694025835
357,A,1,80,8.050562055017508,TRUE,TRUE,1.0450620550182066
789,C,1,52,8.050709544077108,FALSE,FALSE,1.0452095440778066
1129,B,1,65,8.051916758566222,TRUE,FALSE,1.0464167585669202
577,C,1,53,8.051989322411828,FALSE,FALSE,1.0464893224125262
399,C,1,57,8.052237765678,TRUE,FALSE,1.0467377656786994
428,B,1,63,8.052679435953905,TRUE,FALSE,1.0471794359546038
1001,B,1,65,8.05284138648858,TRUE,FALSE,1.047341386489279
155,B,1,60,8.052865352477966,TRUE,FALSE,1.0473653524786641
935,B,1,64,8.052887811260007,TRUE,FALSE,1.0473878112607053
56,C,1,52,8.053045378783281,FALSE,FALSE,1.0475453787839797
335,C,1,57,8.05307417080985,TRUE,FALSE,1.0475741708105488
176,B,1,61,8.05321570698652,TRUE,FALSE,1.0477157069872192
616,B,1,57,8.053257156290783,TRUE,FALSE,1.0477571562914818
956,B,1,62,8.053611388597346,TRUE,FALSE,1.0481113885980449
196,A,1,74,8.054880658033653,TRUE,FALSE,1.0493806580343517
172,B,1,67,8.055141176937468,TRUE,FALSE,1.0496411769381666
413,B,1,58,8.055219508543814,TRUE,FALSE,1.0497195085445128
20,B,1,62,8.05524688805599,TRUE,FALSE,1.0497468880566885
383,B,1,63,8.056518682729802,TRUE,FALSE,1.0510186827305006
366,B,1,59,8.057220638307626,TRUE,FALSE,1.0517206383083249
76,B,1,60,8.058069326194527,TRUE,FALSE,1.0525693261952256
1188,B,1,52,8.058360670533148,FALSE,FALSE,1.0528606705338461
41,A,1,87,8.058406785199622,TRUE,TRUE,1.0529067852003209
635,C,1,60,8.058550136945996,TRUE,FALSE,1.0530501369466947
455,C,1,62,8.058891082400805,TRUE,FALSE,1.0533910824015038
141,C,1,36,8.05905255144171,FALSE,FALSE,1.053552551442408
1106,B,1,62,8.061438872631697,TRUE,FALSE,1.055938872632396
979,A,1,77,8.061468233452615,TRUE,TRUE,1.0559682334533136
653,C,1,59,8.06160869744781,TRUE,FALSE,1.0561086974485079
1110,A,1,85,8.061753298279655,TRUE,TRUE,1.0562532982803532
905,B,1,71,8.062639755935379,TRUE,FALSE,1.0571397559360776
1143,B,1,66,8.062678034551936,TRUE,FALSE,1.057178034552635
53,C,1,61,8.062862461527402,TRUE,FALSE,1.0573624615281005
673,C,1,57,8.063478381318419,TRUE,FALSE,1.057978381319117
542,C,1,56,8.063489249838312,TRUE,FALSE,1.0579892498390109
504,C,1,61,8.063549837559549,TRUE,FALSE,1.0580498375602474
613,B,1,60,8.063821977717453,TRUE,FALSE,1.0583219777181512
325,C,1,52,8.064168611239438,FALSE,FALSE,1.0586686112401367
659,A,1,81,8.064439919355209,TRUE,TRUE,1.0589399193559075
1203,C,1,62,8.064491405708395,TRUE,FALSE,1.0589914057090937
779,B,1,64,8.064542068957962,TRUE,FALSE,1.0590420689586608
509,B,1,66,8.064613196092978,TRUE,FALSE,1.0591131960936764
651,B,1,60,8.064711004055425,TRUE,FALSE,1.0592110040561238
878,B,1,65,8.065306612530549,TRUE,FALSE,1.059806612531247
961,B,1,63,8.065594143983617,TRUE,FALSE,1.0600941439843155
567,B,1,53,8.065661338721839,FALSE,FALSE,1.060161338722537
918,B,1,69,8.065794776699477,TRUE,FALSE,1.0602947767001751
183,B,1,58,8.065948732357356,TRUE,FALSE,1.0604487323580543
140,B,1,68,8.066094703812269,TRUE,FALSE,1.060594703812967
216,B,1,66,8.066275483204663,TRUE,FALSE,1.0607754832053615
822,B,1,71,8.067384771737125,TRUE,FALSE,1.061884771737823
221,C,1,55,8.0676516050371,TRUE,FALSE,1.0621516050377977
351,C,1,53,8.068564184653951,FALSE,FALSE,1.0630641846546496
808,C,1,49,8.069141360821959,FALSE,FALSE,1.0636413608226576
116,B,1,60,8.069604722542863,TRUE,FALSE,1.0641047225435614
1107,B,1,72,8.070115289370733,TRUE,FALSE,1.0646152893714316
278,C,1,64,8.070125508591445,TRUE,FALSE,1.0646255085921439
1194,C,1,55,8.07075764180263,TRUE,FALSE,1.0652576418033277
449,B,1,55,8.07092089244179,TRUE,FALSE,1.0654208924424893
765,B,1,66,8.07098506778857,TRUE,FALSE,1.0654850677892682
745,B,1,64,8.071282393739239,TRUE,FALSE,1.065782393739937
151,B,1,63,8.071500543537695,TRUE,FALSE,1.0660005435383937
672,C,1,58,8.071976050912781,TRUE,FALSE,1.0664760509134794
766,B,1,65,8.072816028961824,TRUE,FALSE,1.067316028962523
189,B,1,58,8.073073428677162,TRUE,FALSE,1.0675734286778606
558,C,1,56,8.073831513942423,TRUE,FALSE,1.0683315139431215
811,B,1,59,8.074481912375632,TRUE,FALSE,1.06898191237633
539,B,1,66,8.075107734843186,TRUE,FALSE,1.0696077348438848
488,C,1,53,8.075192953627266,FALSE,FALSE,1.069692953627964
97,A,1,78,8.075503283394937,TRUE,TRUE,1.0700032833956357
484,C,1,47,8.076136014355143,FALSE,FALSE,1.0706360143558413
972,B,1,54,8.077767797389242,FALSE,FALSE,1.0722677973899408
1112,C,1,47,8.079098778256594,FALSE,FALSE,1.073598778257292
343,B,1,67,8.079223776185245,TRUE,FALSE,1.0737237761859433
1037,B,1,69,8.080199522508337,TRUE,FALSE,1.0746995225090359
550,B,1,65,8.080373369342851,TRUE,FALSE,1.0748733693435497
1153,B,1,60,8.080433625797014,TRUE,FALSE,1.074933625797712
1090,C,1,49,8.08086517598349,FALSE,FALSE,1.0753651759841887
322,B,1,63,8.080898372681986,TRUE,FALSE,1.0753983726826846
165,C,1,47,8.081631990477035,FALSE,FALSE,1.0761319904777338
425,B,1,63,8.082298029068625,TRUE,FALSE,1.076798029069323
667,B,1,62,8.082892865815666,TRUE,FALSE,1.077392865816364
64,B,1,71,8.082936210874323,TRUE,FALSE,1.077436210875021
460,B,1,57,8.08403978347269,TRUE,FALSE,1.0785397834733885
473,C,1,54,8.084189871093258,FALSE,FALSE,1.0786898710939568
684,C,1,56,8.084221724104282,TRUE,FALSE,1.0787217241049802
431,B,1,77,8.085215008843079,TRUE,TRUE,1.0797150088437775
621,B,1,56,8.085814216072322,TRUE,FALSE,1.0803142160730204
724,B,1,69,8.08688412407355,TRUE,FALSE,1.0813841240742477
617,B,1,68,8.087099493674032,TRUE,FALSE,1.0815994936747302
364,B,1,64,8.088214404207974,TRUE,FALSE,1.082714404208673
182,B,1,63,8.088287633072468,TRUE,FALSE,1.082787633073167
703,A,1,82,8.088567169743328,TRUE,TRUE,1.0830671697440266
266,C,1,53,8.090067137436563,FALSE,FALSE,1.0845671374372614
590,B,1,53,8.090151186665025,FALSE,FALSE,1.0846511866657238
1078,C,1,58,8.090311311119876,TRUE,FALSE,1.0848113111205748
951,A,1,82,8.09109071418061,TRUE,TRUE,1.0855907141813077
49,B,1,60,8.09211142424465,TRUE,FALSE,1.0866114242453477
231,B,1,58,8.092437196450192,TRUE,FALSE,1.08693719645089
236,A,1,87,8.092972370897769,TRUE,TRUE,1.0874723708984675
748,B,1,62,8.093938434260053,TRUE,FALSE,1.0884384342607518
1023,A,1,89,8.095414168346906,TRUE,TRUE,1.0899141683476046
609,C,1,46,8.095642182219308,FALSE,FALSE,1.0901421822200064
549,B,1,54,8.09596396692723,FALSE,FALSE,1.0904639669279277
1187,B,1,63,8.096022078254464,TRUE,FALSE,1.0905220782551623
844,C,1,58,8.096280548415962,TRUE,FALSE,1.0907805484166602
1134,B,1,60,8.0965292027322,TRUE,FALSE,1.0910292027328978
914,C,1,52,8.097876587558858,FALSE,FALSE,1.0923765875595564
1024,C,1,54,8.097911254946666,FALSE,FALSE,1.0924112549473648
871,C,1,51,8.098561555896595,FALSE,FALSE,1.0930615558972931
1050,C,1,53,8.098922059187316,FALSE,FALSE,1.0934220591880148
942,B,1,59,8.099556354340166,TRUE,FALSE,1.0940563543408643
401,C,1,59,8.099802925644326,TRUE,FALSE,1.0943029256450245
1087,B,1,56,8.100482220088452,TRUE,FALSE,1.0949822200891504
271,B,1,70,8.100769555578154,TRUE,FALSE,1.0952695555788523
304,B,1,55,8.100990112543514,TRUE,FALSE,1.095490112544212
800,C,1,63,8.102374846424937,TRUE,FALSE,1.096874846425635
124,B,1,62,8.102905785457551,TRUE,FALSE,1.0974057854582497
788,C,1,50,8.103913043392822,FALSE,FALSE,1.0984130433935206
288,A,1,82,8.104062004487787,TRUE,TRUE,1.0985620044884854
525,C,1,51,8.104158986589027,FALSE,FALSE,1.0986589865897258
311,B,1,63,8.10450652518557,TRUE,FALSE,1.0990065251862688
44,A,1,81,8.104758843674063,TRUE,TRUE,1.099258843674761
8,A,1,80,8.10478947415686,TRUE,TRUE,1.0992894741575583
145,B,1,59,8.105905916901975,TRUE,FALSE,1.1004059169026732
860,B,1,61,8.106084704479144,TRUE,FALSE,1.100584704479843
842,B,1,58,8.106134550565912,TRUE,FALSE,1.1006345505666104
857,B,1,61,8.106223541675718,TRUE,FALSE,1.100723541676416
296,B,1,62,8.107279385221773,TRUE,FALSE,1.1017793852224713
813,C,1,58,8.10729912442548,TRUE,FALSE,1.1017991244261793
202,C,1,47,8.107566653285176,FALSE,FALSE,1.102066653285874
636,C,1,51,8.108636803845002,FALSE,FALSE,1.1031368038457003
1015,B,1,57,8.109236919604882,TRUE,FALSE,1.1037369196055806
796,C,1,52,8.109357979006745,FALSE,FALSE,1.1038579790074436
645,C,1,57,8.110609073039086,TRUE,FALSE,1.1051090730397846
249,C,1,52,8.111178239698347,FALSE,FALSE,1.1056782396990457
490,B,1,65,8.111482020067342,TRUE,FALSE,1.1059820200680406
783,B,1,68,8.111743207013205,TRUE,FALSE,1.1062432070139039
462,C,1,57,8.112061856078071,TRUE,FALSE,1.1065618560787698
877,C,1,50,8.11217320887954,FALSE,FALSE,1.1066732088802382
853,A,1,83,8.113004690461821,TRUE,TRUE,1.1075046904625196
677,C,1,58,8.113890302316577,TRUE,FALSE,1.1083903023172752
749,B,1,60,8.114246000084677,TRUE,FALSE,1.1087460000853753
1099,B,1,60,8.114938303388044,TRUE,FALSE,1.1094383033887425
171,C,1,54,8.115648386403336,FALSE,FALSE,1.1101483864040347
678,C,1,58,8.116330707009183,TRUE,FALSE,1.1108307070098817
126,A,1,88,8.117056594946916,TRUE,TRUE,1.111556594947615
886,C,1,46,8.11808526533423,FALSE,FALSE,1.1125852653349284
429,B,1,64,8.11937095457688,TRUE,FALSE,1.1138709545775782
300,B,1,63,8.119739965874032,TRUE,FALSE,1.1142399658747308
228,A,1,86,8.119967819275189,TRUE,TRUE,1.1144678192758875
639,C,1,54,8.120109135619714,FALSE,FALSE,1.1146091356204124
218,C,1,55,8.120809221414675,TRUE,FALSE,1.115309221415373
851,B,1,58,8.120902357921295,TRUE,FALSE,1.1154023579219938
1113,A,1,87,8.12151228361472,TRUE,TRUE,1.1160122836154187
29,B,1,69,8.122184421321435,TRUE,FALSE,1.1166844213221339
150,B,1,56,8.1231883566943,TRUE,FALSE,1.1176883566949982
574,C,1,51,8.124226557985821,FALSE,FALSE,1.1187265579865198
750,B,1,59,8.125098966113,TRUE,FALSE,1.1195989661136991
858,C,1,56,8.126197348279675,TRUE,FALSE,1.1206973482803733
973,B,1,61,8.126576981681865,TRUE,FALSE,1.1210769816825632
1022,C,1,54,8.126889392016892,FALSE,FALSE,1.1213893920175906
320,A,1,79,8.127083218343614,TRUE,TRUE,1.1215832183443126
544,A,1,78,8.127359045010962,TRUE,TRUE,1.1218590450116608
1195,B,1,70,8.127573131572717,TRUE,FALSE,1.1220731315734156
294,C,1,59,8.12837980970653,TRUE,FALSE,1.1228798097072286
522,C,1,51,8.128638613994553,FALSE,FALSE,1.123138613995252
1189,C,1,53,8.130300445332978,FALSE,FALSE,1.1248004453336762
9,A,1,81,8.130384475261963,TRUE,TRUE,1.124884475262661
502,C,1,57,8.130898000224988,TRUE,FALSE,1.1253980002256867
1020,C,1,60,8.13131954234268,TRUE,FALSE,1.125819542343379
943,A,1,83,8.131467980634625,TRUE,TRUE,1.1259679806353233
493,C,1,60,8.132569499921374,TRUE,FALSE,1.1270694999220723
1147,B,1,59,8.132637762395461,TRUE,FALSE,1.1271377623961598
23,C,1,57,8.132849164725485,TRUE,FALSE,1.1273491647261835
758,B,1,63,8.133344257334102,TRUE,FALSE,1.1278442573348002
510,A,1,85,8.133685969882208,TRUE,TRUE,1.1281859698829066
655,B,1,64,8.133706083852303,TRUE,FALSE,1.1282060838530015
210,A,1,85,8.1340188854374,TRUE,TRUE,1.1285188854380976
1048,A,1,79,8.13410753201606,TRUE,TRUE,1.1286075320167583
190,B,1,70,8.135536500612943,TRUE,FALSE,1.1300365006136417
1034,B,1,61,8.1356412191235,TRUE,FALSE,1.130141219124198
362,A,1,90,8.136733949639165,TRUE,TRUE,1.1312339496398636
663,B,1,67,8.137424150198058,TRUE,FALSE,1.1319241501987563
541,B,1,68,8.13759480146473,TRUE,FALSE,1.1320948014654277
463,C,1,55,8.137865451935795,TRUE,FALSE,1.1323654519364936
731,C,1,45,8.138161062604922,FALSE,FALSE,1.1326610626056208
456,B,1,56,8.138177037541027,TRUE,FALSE,1.1326770375417254
1062,A,1,84,8.139198281773133,TRUE,TRUE,1.1336982817738317
762,C,1,59,8.140081322413607,TRUE,FALSE,1.1345813224143058
537,C,1,49,8.140444084612682,FALSE,FALSE,1.1349440846133803
562,B,1,65,8.140519137978117,TRUE,FALSE,1.1350191379788157
1096,A,1,79,8.141898870257137,TRUE,TRUE,1.1363988702578354
302,C,1,53,8.142276321406825,FALSE,FALSE,1.136776321407524
632,B,1,62,8.142585942878213,TRUE,FALSE,1.1370859428789117
31,C,1,47,8.142990006046603,FALSE,FALSE,1.137490006047301
588,B,1,60,8.143813233215042,TRUE,FALSE,1.1383132332157402
1162,B,1,68,8.144894100390957,TRUE,FALSE,1.1393941003916552
73,C,1,55,8.145913381598803,TRUE,FALSE,1.140413381599501
503,B,1,66,8.146049163846328,TRUE,FALSE,1.1405491638470266
160,B,1,59,8.146643642674462,TRUE,FALSE,1.1411436426751607
1185,C,1,55,8.147911791205843,TRUE,FALSE,1.1424117912065412
1079,B,1,58,8.148116805539757,TRUE,FALSE,1.142616805540456
356,C,1,48,8.148416654370521,FALSE,FALSE,1.14291665437122
898,B,1,57,8.14870529725522,TRUE,FALSE,1.1432052972559177
576,B,1,64,8.149227487014286,TRUE,FALSE,1.143727487014985
251,A,1,79,8.150415181396966,TRUE,TRUE,1.1449151813976641
1200,B,1,63,8.151287720516848,TRUE,FALSE,1.1457877205175464
928,A,1,85,8.151300243229343,TRUE,TRUE,1.1458002432300418
45,C,1,55,8.15196074816049,TRUE,FALSE,1.1464607481611893
1043,B,1,63,8.15386837398546,TRUE,FALSE,1.148368373986159
283,B,1,63,8.153941690012289,TRUE,FALSE,1.1484416900129872
856,C,1,51,8.154275616649102,FALSE,FALSE,1.1487756166498002
737,B,1,60,8.155176920721715,TRUE,FALSE,1.1496769207224133
83,C,1,55,8.15612391486502,TRUE,FALSE,1.1506239148657187
561,C,1,46,8.156152636707702,FALSE,FALSE,1.1506526367084007
1002,B,1,74,8.157025143747887,TRUE,FALSE,1.1515251437485858
1066,B,1,66,8.157086401861307,TRUE,FALSE,1.151586401862005
982,C,1,59,8.158840238429548,TRUE,FALSE,1.1533402384302462
248,A,1,84,8.158923814851732,TRUE,TRUE,1.153423814852431
98,B,1,67,8.159801513596904,TRUE,FALSE,1.154301513597602
405,B,1,59,8.160082957409031,TRUE,FALSE,1.1545829574097297
883,B,1,59,8.16141742920081,TRUE,FALSE,1.1559174292015086
994,C,1,47,8.161771817820409,FALSE,FALSE,1.156271817821107
974,B,1,72,8.162580747404718,TRUE,FALSE,1.1570807474054163
761,B,1,65,8.162848515559745,TRUE,FALSE,1.157348515560443
1150,C,1,53,8.163005339010851,FALSE,FALSE,1.15750533901155
100,C,1,62,8.164161929355032,TRUE,FALSE,1.1586619293557305
414,C,1,54,8.164263585043955,FALSE,FALSE,1.1587635850446532
661,B,1,65,8.164330685467576,TRUE,FALSE,1.1588306854682742
223,A,1,84,8.164397633670887,TRUE,TRUE,1.158897633671586
1036,B,1,69,8.166183118555637,TRUE,FALSE,1.160683118556335
14,B,1,65,8.166608990890381,TRUE,FALSE,1.1611089908910799
1124,B,1,58,8.167442174253665,TRUE,FALSE,1.1619421742543636
997,B,1,64,8.168370994826546,TRUE,FALSE,1.1628709948272444
348,B,1,62,8.168759986543591,TRUE,FALSE,1.1632599865442899
331,B,1,60,8.169318789201498,TRUE,FALSE,1.163818789202196
319,C,1,50,8.170234749879455,FALSE,FALSE,1.1647347498801537
307,C,1,56,8.171034695900744,TRUE,FALSE,1.1655346959014423
389,B,1,62,8.171690805425897,TRUE,FALSE,1.166190805426595
714,B,1,57,8.172094085897697,TRUE,FALSE,1.1665940858983959
709,C,1,55,8.172432167018997,TRUE,FALSE,1.166932167019695
919,C,1,53,8.173349901226175,FALSE,FALSE,1.167849901226873
778,B,1,64,8.173835251523997,TRUE,FALSE,1.1683352515246952
1045,C,1,51,8.174175673757418,FALSE,FALSE,1.1686756737581163
1044,C,1,57,8.174756986387365,TRUE,FALSE,1.1692569863880635
554,A,1,82,8.17511717997695,TRUE,TRUE,1.1696171799776494
426,C,1,59,8.175544009529403,TRUE,FALSE,1.170044009530102
347,A,1,74,8.175863160649897,TRUE,FALSE,1.170363160650595
239,C,1,49,8.1764602957046,FALSE,FALSE,1.1709602957052994
1152,C,1,51,8.176548435065342,FALSE,FALSE,1.1710484350660408
117,B,1,67,8.178365348107036,TRUE,FALSE,1.1728653481077345
1168,A,1,83,8.180394567698386,TRUE,TRUE,1.1748945676990843
608,C,1,53,8.181357998226304,FALSE,FALSE,1.175857998227002
90,B,1,65,8.181508684283472,TRUE,FALSE,1.1760086842841702
981,B,1,64,8.181639045575139,TRUE,FALSE,1.1761390455758374
186,B,1,50,8.181684619350563,FALSE,FALSE,1.176184619351261
337,C,1,54,8.18298862048323,FALSE,FALSE,1.1774886204839277
615,B,1,71,8.183644190496125,TRUE,FALSE,1.1781441904968233
1093,B,1,61,8.184183384168136,TRUE,FALSE,1.178683384168835
1085,C,1,51,8.18419394576631,FALSE,FALSE,1.1786939457670087
78,C,1,59,8.184385417513113,TRUE,FALSE,1.1788854175138113
3,A,1,74,8.185475862235762,TRUE,FALSE,1.1799758622364607
34,B,1,66,8.185547421271622,TRUE,FALSE,1.1800474212723202
93,C,1,55,8.186586135569087,TRUE,FALSE,1.1810861355697853
722,B,1,61,8.188109213955613,TRUE,FALSE,1.1826092139563116
989,C,1,45,8.1887968250666745,FALSE,FALSE,1.183296825067373
1140,B,1,62,8.189987962647137,TRUE,FALSE,1.184487962647836
852,B,1,61,8.190409340673796,TRUE,FALSE,1.1849093406744942
50,B,1,65,8.190711254534108,TRUE,FALSE,1.1852112545348064
559,A,1,78,8.190833991768159,TRUE,TRUE,1.1853339917688572
142,A,1,77,8.191813855359214,TRUE,TRUE,1.1863138553599128
891,C,1,56,8.19199653582109,TRUE,FALSE,1.1864965358217887
232,B,1,67,8.192875489708968,TRUE,FALSE,1.187375489709666
253,C,1,55,8.193014202362974,TRUE,FALSE,1.1875142023636727
801,B,1,67,8.193166472341545,TRUE,FALSE,1.1876664723422437
930,B,1,72,8.193681403194205,TRUE,FALSE,1.1881814031949034
692,B,1,65,8.19666895858245,TRUE,FALSE,1.1911689585831482
18,B,1,61,8.198626758727187,TRUE,FALSE,1.1931267587278853
687,B,1,55,8.198799372581561,TRUE,FALSE,1.1932993725822598
700,B,1,63,8.199490195132967,TRUE,FALSE,1.1939901951336651
781,C,1,57,8.201595862043177,TRUE,FALSE,1.196095862043876
1054,C,1,50,8.202137188032793,FALSE,FALSE,1.1966371880334918
521,C,1,47,8.203393588453764,FALSE,FALSE,1.1978935884544626
115,B,1,59,8.203578024324088,TRUE,FALSE,1.1980780243247864
333,B,1,61,8.20479497910128,TRUE,FALSE,1.1992949791019782
48,B,1,63,8.206738118788053,TRUE,FALSE,1.2012381187887513
671,B,1,69,8.209132710890117,TRUE,FALSE,1.2036327108908154
702,B,1,60,8.20931570087123,TRUE,FALSE,1.2038157008719281
790,B,1,55,8.210863189768133,TRUE,FALSE,1.205363189768832
452,C,1,59,8.211632384856784,TRUE,FALSE,1.206132384857483
894,B,1,60,8.212583024411288,TRUE,FALSE,1.2070830244119861
75,B,1,59,8.215237866159441,TRUE,FALSE,1.2097378661601397
464,B,1,59,8.215437516064412,TRUE,FALSE,1.2099375160651107
634,B,1,65,8.216099093198864,TRUE,FALSE,1.210599093199562
57,B,1,64,8.21634124125194,TRUE,FALSE,1.2108412412526377
1073,B,1,66,8.217129523709445,TRUE,FALSE,1.211629523710144
415,B,1,62,8.21853429670955,TRUE,FALSE,1.2130342967102479
1061,C,1,46,8.218671080707281,FALSE,FALSE,1.2131710807079799
1202,B,1,62,8.21878949308666,TRUE,FALSE,1.213289493087359
699,B,1,69,8.221086798184842,TRUE,FALSE,1.2155867981855408
600,A,1,84,8.221705693838885,TRUE,TRUE,1.2162056938395835
400,B,1,59,8.222449924403918,TRUE,FALSE,1.2169499244046165
409,C,1,51,8.223197624782188,FALSE,FALSE,1.2176976247828861
516,B,1,64,8.225949213920103,TRUE,FALSE,1.2204492139208014
825,B,1,61,8.22606160754367,TRUE,FALSE,1.2205616075443686
772,B,1,66,8.228011761919333,TRUE,FALSE,1.2225117619200319
1063,B,1,60,8.228192075079278,TRUE,FALSE,1.2226920750799763
138,B,1,57,8.229864093922515,TRUE,FALSE,1.2243640939232137
316,C,1,51,8.230331011734961,FALSE,FALSE,1.2248310117356596
952,B,1,69,8.230890116345108,TRUE,FALSE,1.2253901163458067
864,B,1,63,8.230964064772706,TRUE,FALSE,1.225464064773405
920,C,1,52,8.23109708170523,FALSE,FALSE,1.2255970817059278
880,C,1,60,8.23211657277352,TRUE,FALSE,1.226616572774219
328,B,1,52,8.232615686611098,FALSE,FALSE,1.2271156866117963
553,C,1,42,8.233310446965334,FALSE,FALSE,1.227810446966032
1136,B,1,62,8.23333040867874,TRUE,FALSE,1.2278304086794378
965,B,1,64,8.234768991118472,TRUE,FALSE,1.22926899111917
63,B,1,62,8.235565773600683,TRUE,FALSE,1.2300657736013818
620,C,1,41,8.237983263883507,FALSE,FALSE,1.2324832638842054
323,B,1,64,8.239199448446016,TRUE,FALSE,1.233699448446714
28,B,1,69,8.240250484494027,TRUE,FALSE,1.2347504844947252
605,C,1,57,8.24122443487795,TRUE,FALSE,1.235724434878648
1038,B,1,55,8.24363648572762,TRUE,FALSE,1.2381364857283188
476,B,1,68,8.24434175303395,TRUE,FALSE,1.2388417530346487
774,C,1,52,8.245070630087866,FALSE,FALSE,1.239570630088565
158,B,1,67,8.245074039092287,TRUE,FALSE,1.239574039092986
696,B,1,60,8.245489005948912,TRUE,FALSE,1.2399890059496101
59,B,1,72,8.245962355988013,TRUE,FALSE,1.2404623559887114
932,B,1,74,8.24694221883692,TRUE,FALSE,1.2414422188376193
823,C,1,60,8.248059905774426,TRUE,FALSE,1.2425599057751242
451,A,1,89,8.248721390846185,TRUE,TRUE,1.2432213908468839
944,C,1,48,8.248817069226789,FALSE,FALSE,1.243317069227487
108,B,1,65,8.249568456565612,TRUE,FALSE,1.2440684565663105
32,B,1,57,8.249972337955114,TRUE,FALSE,1.2444723379558127
1139,A,1,80,8.25016369709192,TRUE,TRUE,1.2446636970926193
652,B,1,72,8.250491562404932,TRUE,FALSE,1.2449915624056302
448,B,1,65,8.252503869742213,TRUE,FALSE,1.2470038697429118
379,C,1,54,8.253303474237327,FALSE,FALSE,1.247803474238026
654,B,1,67,8.25375315146448,TRUE,FALSE,1.2482531514651782
569,B,1,55,8.255642110711051,TRUE,FALSE,1.2501421107117494
584,B,1,72,8.25710897893805,TRUE,FALSE,1.251608978938748
1,B,1,75,8.258450572826405,TRUE,FALSE,1.2529505728271033
469,A,1,79,8.261416433066188,TRUE,TRUE,1.2559164330668864
436,B,1,64,8.261489245032863,TRUE,FALSE,1.255989245033561
149,B,1,65,8.262116353918827,TRUE,FALSE,1.2566163539195259
534,B,1,67,8.26248076219781,TRUE,FALSE,1.2569807621985092
1014,B,1,55,8.262990935825655,TRUE,FALSE,1.257490935826354
500,A,1,84,8.262997723562876,TRUE,TRUE,1.2574977235635743
773,B,1,66,8.263863100884919,TRUE,FALSE,1.2583631008856173
863,A,1,79,8.26469646102123,TRUE,TRUE,1.2591964610219293
298,A,1,86,8.265007691446954,TRUE,TRUE,1.2595076914476522
573,B,1,61,8.267517587577458,TRUE,FALSE,1.262017587578157
224,B,1,71,8.26802207392393,TRUE,FALSE,1.2625220739246288
353,C,1,58,8.269583097393479,TRUE,FALSE,1.2640830973941775
1165,B,1,62,8.269812676098809,TRUE,FALSE,1.2643126760995074
329,B,1,70,8.269910159480787,TRUE,FALSE,1.2644101594814856
95,A,1,87,8.270913538319292,TRUE,TRUE,1.26541353831999
339,C,1,50,8.277380423416616,FALSE,FALSE,1.2718804234173149
527,B,1,67,8.278755895324139,TRUE,FALSE,1.2732558953248372
1035,C,1,52,8.280704708304256,FALSE,FALSE,1.2752047083049547
1119,C,1,47,8.281436050878256,FALSE,FALSE,1.2759360508789541
395,B,1,53,8.283546728507645,FALSE,FALSE,1.2780467285083432
489,B,1,62,8.2837537994601,TRUE,FALSE,1.2782537994607992
1018,B,1,61,8.28448482645399,TRUE,FALSE,1.278984826454689
226,B,1,72,8.287736701247923,TRUE,FALSE,1.282236701248621
482,B,1,69,8.289168387535028,TRUE,FALSE,1.2836683875357267
1097,B,1,56,8.2915337520717,TRUE,FALSE,1.2860337520723988
1138,C,1,53,8.29195801509195,FALSE,FALSE,1.2864580150926486
907,C,1,53,8.292178911695373,FALSE,FALSE,1.2866789116960717
1004,C,1,54,8.292756338909385,FALSE,FALSE,1.2872563389100833
58,C,1,56,8.292851507707383,TRUE,FALSE,1.287351507708081
74,A,1,87,8.293169365351787,TRUE,TRUE,1.2876693653524853
947,A,1,82,8.294785661328206,TRUE,TRUE,1.289285661328904
485,B,1,60,8.295199682816019,TRUE,FALSE,1.2896996828167175
1154,B,1,67,8.296001917486137,TRUE,FALSE,1.2905019174868357
834,B,1,59,8.296445450148894,TRUE,FALSE,1.290945450149593
924,C,1,54,8.296992655239592,FALSE,FALSE,1.2914926552402903
999,B,1,65,8.298678655908589,TRUE,FALSE,1.293178655909287
227,B,1,62,8.2993994870194,TRUE,FALSE,1.2938994870200986
340,B,1,69,8.300460135356843,TRUE,FALSE,1.2949601353575417
260,B,1,66,8.302534461607138,TRUE,FALSE,1.2970344616078364
991,A,1,74,8.30452931486434,TRUE,FALSE,1.299029314865038
133,A,1,76,8.305912655490829,TRUE,TRUE,1.3004126554915274
1149,C,1,54,8.307619574654382,FALSE,FALSE,1.3021195746550802
276,B,1,53,8.307818909950583,FALSE,FALSE,1.302318909951282
1123,C,1,52,8.308629629347706,FALSE,FALSE,1.3031296293484047
382,A,1,84,8.30935636819413,TRUE,TRUE,1.303856368194829
660,B,1,69,8.314174757982983,TRUE,FALSE,1.308674757983681
381,A,1,83,8.314875624811975,TRUE,TRUE,1.3093756248126738
594,C,1,48,8.315064953832916,FALSE,FALSE,1.3095649538336147
511,C,1,62,8.316319573870715,TRUE,FALSE,1.310819573871413
794,C,1,52,8.316512899269583,FALSE,FALSE,1.3110128992702812
125,B,1,62,8.31770458824758,TRUE,FALSE,1.312204588248278
747,C,1,59,8.319147996047832,TRUE,FALSE,1.3136479960485303
662,B,1,62,8.320038652906078,TRUE,FALSE,1.3145386529067764
768,A,1,83,8.320052539191238,TRUE,TRUE,1.3145525391919364
668,A,1,91,8.321245748400543,TRUE,TRUE,1.3157457484012411
376,B,1,64,8.32240675597859,TRUE,FALSE,1.3169067559792893
1104,A,1,84,8.32271425493309,TRUE,TRUE,1.3172142549337877
148,B,1,72,8.323357641740586,TRUE,FALSE,1.3178576417412842
836,B,1,56,8.323489210499247,TRUE,FALSE,1.3179892104999453
1116,B,1,64,8.324111002497375,TRUE,FALSE,1.3186110024980735
718,C,1,55,8.324651528782852,TRUE,FALSE,1.31915152878355
156,A,1,87,8.327707433760224,TRUE,TRUE,1.3222074337609229
252,B,1,63,8.32897850831796,TRUE,FALSE,1.323478508318658
785,C,1,48,8.32909989538166,FALSE,FALSE,1.3235998953823582
1181,C,1,58,8.330983151878172,TRUE,FALSE,1.3254831518788706
719,C,1,56,8.33235085691922,TRUE,FALSE,1.3268508569199184
344,B,1,64,8.33277483499478,TRUE,FALSE,1.3272748349954782
950,A,1,88,8.33388411506894,TRUE,TRUE,1.328384115069639
1067,C,1,56,8.337240063763602,TRUE,FALSE,1.3317400637643004
243,B,1,59,8.339025664768997,TRUE,FALSE,1.3335256647696951
922,C,1,50,8.343370659280481,FALSE,FALSE,1.3378706592811795
798,A,1,84,8.345843825300108,TRUE,TRUE,1.3403438253008062
909,B,1,59,8.345961683062342,TRUE,FALSE,1.3404616830630403
442,B,1,65,8.347140850062715,TRUE,FALSE,1.3416408500634134
986,A,1,84,8.349113979209505,TRUE,TRUE,1.343613979210204
740,C,1,47,8.349544440294267,FALSE,FALSE,1.3440444402949652
618,B,1,71,8.35089484841592,TRUE,FALSE,1.3453948484166176
680,B,1,61,8.351101192503847,TRUE,FALSE,1.345601192504546
927,B,1,64,8.353275413079245,TRUE,FALSE,1.347775413079944
1071,C,1,56,8.356514959308697,TRUE,FALSE,1.3510149593093956
732,B,1,58,8.357158742688625,TRUE,FALSE,1.3516587426893238
1118,B,1,55,8.362361224455526,TRUE,FALSE,1.3568612244562246
528,B,1,69,8.363051148695376,TRUE,FALSE,1.357551148696075
585,C,1,59,8.364250175971392,TRUE,FALSE,1.3587501759720908
200,B,1,63,8.367439182424278,TRUE,FALSE,1.361939182424976
904,C,1,53,8.367597115971876,FALSE,FALSE,1.362097115972574
759,A,1,90,8.368719053967652,TRUE,TRUE,1.3632190539683506
595,C,1,55,8.371833991772291,TRUE,FALSE,1.36633399177299
375,C,1,49,8.375396610477765,FALSE,FALSE,1.3698966104784631
657,C,1,56,8.375619143153017,TRUE,FALSE,1.3701191431537154
1059,B,1,52,8.37650930010932,FALSE,FALSE,1.3710093001100176
628,A,1,80,8.377512997951271,TRUE,TRUE,1.3720129979519697
410,A,1,81,8.377602022686915,TRUE,TRUE,1.3721020226876135
84,A,1,85,8.380669052625308,TRUE,TRUE,1.3751690526260063
421,C,1,54,8.381062077573006,FALSE,FALSE,1.3755620775737043
650,C,1,51,8.38387363167567,FALSE,FALSE,1.378373631676368
966,B,1,61,8.38621981185861,TRUE,FALSE,1.3807198118593078
676,C,1,57,8.388367086041399,TRUE,FALSE,1.382867086042097
711,C,1,46,8.3883895237595425,FALSE,FALSE,1.382889523760241
681,B,1,61,8.389968951272749,TRUE,FALSE,1.3844689512734476
36,C,2,52,8.398857417745603,FALSE,FALSE,0.7950782077496115
830,A,1,80,8.408007310670655,TRUE,TRUE,1.4025073106713535
1080,C,1,50,8.410239245145931,FALSE,FALSE,1.4047392451466294
349,B,1,69,8.411886796322506,TRUE,FALSE,1.4063867963232042
873,B,1,67,8.412026837864687,TRUE,FALSE,1.4065268378653855
1041,B,1,65,8.412043526950583,TRUE,FALSE,1.4065435269512818
995,B,1,67,8.416164771031617,TRUE,FALSE,1.410664771032316
1040,A,1,84,8.421055971568421,TRUE,TRUE,1.4155559715691197
1146,C,1,49,8.42371289777293,FALSE,FALSE,1.4182128977736284
129,C,1,54,8.425128920371208,FALSE,FALSE,1.4196289203719061
859,B,1,60,8.434258513814711,TRUE,FALSE,1.42875851381541
1125,C,2,58,8.43794992596304,TRUE,FALSE,1.044770513464755
583,B,1,63,8.440231655047683,TRUE,FALSE,1.434731655048381
62,A,1,80,8.44810230834264,TRUE,TRUE,1.4426023083433392
472,C,1,54,8.45568424515659,FALSE,FALSE,1.4501842451572884
209,C,2,50,8.468658961734036,FALSE,FALSE,0.8406216052244417
587,B,2,68,8.471552277183946,TRUE,FALSE,0.8749400552806037
826,B,1,59,8.476324241259135,TRUE,FALSE,1.4708242412598338
118,C,1,55,8.477331333891925,TRUE,FALSE,1.4718313338926237
1068,C,2,53,8.485733169989544,FALSE,FALSE,0.7457642900044448
876,B,1,65,8.492025635179743,TRUE,FALSE,1.486525635180442
694,B,1,67,8.49529520600845,TRUE,FALSE,1.4897952060091484
896,A,1,85,8.497470015186991,TRUE,TRUE,1.4919700151876896
807,B,1,55,8.497786520252703,TRUE,FALSE,1.4922865202534012
1016,C,1,52,8.49974347929674,FALSE,FALSE,1.4942434792974382
912,A,1,83,8.504144166112383,TRUE,TRUE,1.4986441661130812
1121,B,1,65,8.504401067471917,TRUE,FALSE,1.498901067472616
962,C,2,59,8.505073783449916,TRUE,FALSE,0.9397509771879413
82,B,1,51,8.506434662253014,FALSE,FALSE,1.5009346622537123
230,C,2,64,8.509004831295897,TRUE,FALSE,0.6460815782047575
256,C,2,60,8.511290419010038,TRUE,FALSE,0.6595745057056774
1199,B,1,64,8.512767726799211,TRUE,FALSE,1.5072677267999097
123,C,2,53,8.54887225647326,FALSE,FALSE,0.7812295781113789
68,C,2,63,8.55025755277893,TRUE,FALSE,1.045435532425472
775,C,2,57,8.564600253728713,TRUE,FALSE,0.9056338068694458
170,C,2,51,8.578540874812461,FALSE,FALSE,0.8522576979230507
491,C,2,55,8.592067367229902,TRUE,FALSE,0.6819480274352827
169,C,2,57,8.595135677045619,TRUE,FALSE,0.9271799615526106
1150,C,2,51,8.596191131855448,FALSE,FALSE,0.433185792844597
487,B,1,55,8.602496084113227,TRUE,FALSE,1.5969960841139255
581,B,1,66,8.618608723816578,TRUE,FALSE,1.6131087238172768
1013,C,2,54,8.621398845316435,FALSE,FALSE,0.8765817628154764
137,C,2,49,8.6216792962623,FALSE,FALSE,0.8720923108339775
280,C,2,48,8.62350262586915,FALSE,FALSE,0.9272718691790942
670,C,2,54,8.637458521487133,FALSE,FALSE,0.8966559717155178
470,C,2,55,8.639663954039861,TRUE,FALSE,0.5996025361127977
219,C,2,50,8.644243343460403,FALSE,FALSE,0.6661582668675692
1069,C,2,57,8.651697437810071,TRUE,FALSE,0.669554011670698
941,C,2,61,8.664869499807537,TRUE,FALSE,0.8515485248281038
1180,C,2,55,8.664952377173904,TRUE,FALSE,0.8553377923381049
507,C,2,51,8.666240754435421,FALSE,FALSE,0.6296858673777024
669,C,2,44,8.671380196188693,FALSE,FALSE,0.870660177875834
386,C,2,61,8.67927527183565,TRUE,FALSE,0.7139605121774366
1158,B,2,67,8.686477773677325,TRUE,FALSE,0.9618029756384203
914,C,2,44,8.687206643524405,FALSE,FALSE,0.5893300559655472
1053,C,2,51,8.688804895122303,FALSE,FALSE,0.8910690319717105
7,C,2,61,8.689960428087943,TRUE,FALSE,0.7971345607693365
291,C,2,55,8.69227154822147,TRUE,FALSE,0.8448854092057445
191,C,2,54,8.693181667353201,FALSE,FALSE,1.1040046357811661
55,C,2,54,8.702297140142036,FALSE,FALSE,0.7158294817600108
325,C,2,58,8.704068410883337,TRUE,FALSE,0.6398997996438993
926,C,2,57,8.708361351804342,TRUE,FALSE,1.0226392240765563
101,C,2,54,8.710125760109804,FALSE,FALSE,0.6942986959074915
214,C,2,54,8.720960057875345,FALSE,FALSE,0.7257829610462068
114,C,2,61,8.724489797601564,TRUE,FALSE,0.771050627452496
1159,C,2,50,8.72636776766376,FALSE,FALSE,0.9277008314857085
245,C,2,52,8.726387418188096,FALSE,FALSE,1.0593053488955775
132,C,2,53,8.740428428987798,FALSE,FALSE,0.8142949708962988
915,C,2,59,8.74098193136524,TRUE,FALSE,0.7851535785557644
178,C,2,50,8.74282165212935,FALSE,FALSE,0.7936852736420406
710,C,2,50,8.743525855246844,FALSE,FALSE,0.806554189803137
640,C,2,49,8.74417790068037,FALSE,FALSE,0.7994708359728975
39,C,2,54,8.744712760963012,FALSE,FALSE,0.7577273575261643
871,C,2,53,8.745459699784988,FALSE,FALSE,0.646898143888393
60,C,2,57,8.747053093800787,TRUE,FALSE,0.9179860163167177
664,C,2,57,8.748738884198247,TRUE,FALSE,0.9017923612882441
996,C,2,54,8.751280227526877,FALSE,FALSE,1.1302659905559267
168,C,2,58,8.759126111632213,TRUE,FALSE,0.849431221249688
46,C,2,48,8.759848877289187,FALSE,FALSE,1.006955530909181
742,C,2,60,8.761261586958426,TRUE,FALSE,1.120102131546446
314,C,2,50,8.767375841325702,FALSE,FALSE,0.8043336194896256
712,C,2,59,8.771056142486486,TRUE,FALSE,1.0067762411890726
911,C,2,55,8.773843553186452,TRUE,FALSE,0.9121131654537749
315,C,2,50,8.774207216774812,FALSE,FALSE,0.8654838806251064
705,B,2,63,8.778308911587374,TRUE,FALSE,1.0019984591781395
359,C,2,50,8.779069258998788,FALSE,FALSE,0.924003417527274
437,C,2,53,8.780041647631151,FALSE,FALSE,0.8398172811030236
649,C,2,56,8.786722217249917,TRUE,FALSE,0.8386817048522062
1024,C,2,47,8.788490424158226,FALSE,FALSE,0.6905791692115599
42,C,2,52,8.789856043160398,FALSE,FALSE,0.892788267974538
983,C,2,61,8.794677287143713,TRUE,FALSE,0.914132767735282
441,C,2,54,8.804879084167624,FALSE,FALSE,1.045323090900638
186,B,2,56,8.805714730635373,TRUE,FALSE,0.6240301112848101
1133,C,2,46,8.810953070824326,FALSE,FALSE,0.993532246666291
831,C,2,57,8.821823327685706,TRUE,FALSE,0.9168875266695977
180,C,2,53,8.82549516776271,FALSE,FALSE,1.0394559432425012
819,C,2,53,8.846376593712193,FALSE,FALSE,0.9259166125339107
987,C,2,53,8.849920740871312,FALSE,FALSE,1.1415240679671115
535,B,2,65,8.850442145045236,TRUE,FALSE,1.0389744358399184
612,C,2,51,8.859624293439992,FALSE,FALSE,1.0096747522729856
847,C,2,60,8.86085603473839,TRUE,FALSE,1.0963321448834904
744,C,2,64,8.860978487085958,TRUE,FALSE,1.0084726988461625
241,C,2,49,8.862838202134299,FALSE,FALSE,0.9028522094122309
631,C,2,51,8.864963826330495,FALSE,FALSE,0.9348127004850539
1091,C,2,55,8.870963911707804,TRUE,FALSE,1.0623119993397268
457,B,1,65,8.876175002907985,TRUE,FALSE,1.8706750029086834
67,C,2,56,8.879629538801964,TRUE,FALSE,0.991707728626352
882,C,2,60,8.88658888975624,TRUE,FALSE,0.898188582577859
636,C,2,53,8.88729334465097,FALSE,FALSE,0.7786565408059687
726,C,2,54,8.88967663994481,FALSE,FALSE,0.8560856515832711
517,B,2,58,8.889696509028,TRUE,FALSE,0.9816213444755704
1026,C,2,55,8.89474761106976,TRUE,FALSE,1.1826281093453872
908,C,2,59,8.909771082726365,TRUE,FALSE,1.0080325484232162
577,C,2,50,8.910950321554992,FALSE,FALSE,0.8589609991431644
900,C,2,51,8.912653535560821,FALSE,FALSE,0.8662971656303853
1098,C,2,51,8.915373481577262,FALSE,FALSE,0.875240570610913
960,C,2,52,8.915550268990046,FALSE,FALSE,1.092913798387599
164,C,2,57,8.916940349874494,TRUE,FALSE,0.9437557278070017
566,B,2,58,8.917489143459534,TRUE,FALSE,0.9014746276443475
266,C,2,57,8.918252046347334,TRUE,FALSE,0.8281849089107709
603,B,2,57,8.92370308739919,TRUE,FALSE,1.1872719151651836
208,C,2,60,8.924837356680655,TRUE,FALSE,1.0305964824838156
488,C,2,50,8.92636417301037,FALSE,FALSE,0.8511712193831045
130,C,2,61,8.926427915124805,TRUE,FALSE,1.146183098291658
496,C,2,50,8.927932983147912,FALSE,FALSE,1.0309444052982144
313,C,2,43,8.929156110949407,FALSE,FALSE,1.133383569522266
644,C,2,58,8.933258408873371,TRUE,FALSE,1.009087564994843
877,C,2,53,8.935271487160207,FALSE,FALSE,0.8230982782806677
970,C,2,61,8.935449568056356,TRUE,FALSE,0.89420017192242085
1055,C,2,52,8.935790645733505,FALSE,FALSE,0.9743028823104396
901,C,2,53,8.936091762912838,FALSE,FALSE,1.1611581101642514
929,C,2,54,8.940251141997578,FALSE,FALSE,0.9840105504445091
1004,C,2,50,8.940343076988938,FALSE,FALSE,0.6475867380795535
839,C,2,61,8.941807868050091,TRUE,FALSE,1.1736850032830262
568,C,2,48,8.943783153281402,FALSE,FALSE,1.031623847760784
838,C,2,58,8.944599535436282,TRUE,FALSE,1.1086190413261647
1021,C,2,51,8.945443313841679,FALSE,FALSE,0.9181145648472011
1058,C,2,59,8.948938522848039,TRUE,FALSE,1.0142422746721422
356,C,2,61,8.95490497333958,TRUE,FALSE,0.806488318969059
22,C,2,64,8.958605653162522,TRUE,FALSE,1.0859488161368063
829,C,2,68,8.959839860533975,TRUE,FALSE,0.9825584352001897
627,C,2,59,8.960293368847488,TRUE,FALSE,0.9414420418506779
171,C,2,57,8.962199928366317,TRUE,FALSE,0.846551541962981
656,C,2,55,8.965216188065824,TRUE,FALSE,0.9521404759252619
531,B,2,69,8.974833170766942,TRUE,FALSE,1.098276563876425
345,C,2,42,8.97938770512701,FALSE,FALSE,0.9880317500392266
944,C,2,59,8.979634495910432,TRUE,FALSE,0.7308174266836431
609,C,2,58,8.985559880591609,TRUE,FALSE,0.889917698372301
763,C,2,61,8.99097157423239,TRUE,FALSE,1.0466957924691087
1042,C,2,51,8.991757902182144,FALSE,FALSE,1.068827497514576
895,C,2,53,9.001041372455802,FALSE,FALSE,1.0166414343366341
704,C,2,52,9.004418844160682,FALSE,FALSE,1.1277702737643267
910,C,2,46,9.007053621357045,FALSE,FALSE,0.9932833608618239
1189,C,2,57,9.007356903683103,TRUE,FALSE,0.8770564583501255
177,C,2,48,9.008800622767012,FALSE,FALSE,1.3202068799837434
312,C,2,60,9.009426760218048,TRUE,FALSE,1.0034599833270477
886,C,2,56,9.012272503845452,TRUE,FALSE,0.894187238511222
574,C,2,46,9.017381938199833,FALSE,FALSE,0.8931553802140115
731,C,2,53,9.01796162660321,FALSE,FALSE,0.8798005639982875
1046,C,2,48,9.034666245373955,FALSE,FALSE,1.0022484269065899
319,C,2,55,9.035705931226403,TRUE,FALSE,0.8654711813469476
360,C,2,56,9.042677260236815,TRUE,FALSE,1.0612822136899922
316,C,2,53,9.04851535198759,FALSE,FALSE,0.8181843402526283
525,C,2,56,9.048549123825069,TRUE,FALSE,0.9443901372360415
56,C,2,51,9.050889513076982,FALSE,FALSE,0.9978441342937003
848,B,2,58,9.051222136939032,TRUE,FALSE,1.2055976296069275
474,C,2,50,9.054150070427568,FALSE,FALSE,1.1956793037825264
1163,C,2,58,9.055389053384715,TRUE,FALSE,1.030535520581907
128,C,2,58,9.057716092822375,TRUE,FALSE,1.0770534041148494
563,B,2,64,9.059503811833565,TRUE,FALSE,1.3100594979187008
473,C,2,48,9.067203829134087,FALSE,FALSE,0.9830139580408286
809,C,2,58,9.072658601191506,TRUE,FALSE,1.0415486365673132
959,C,2,52,9.082722322837071,FALSE,FALSE,1.2854443129508581
135,B,2,71,9.085602213635866,TRUE,FALSE,1.4299944743797823
1119,C,2,34,9.089582982654974,FALSE,FALSE,0.8081469317767187
854,C,2,45,9.097281923750415,FALSE,FALSE,1.1951317813873175
328,B,2,57,9.100570549937402,TRUE,FALSE,0.8679548633263039
414,C,2,57,9.103582912204729,TRUE,FALSE,0.9393193271607743
239,C,2,52,9.112423233913432,FALSE,FALSE,0.9359629382088315
163,C,2,59,9.118243927445292,TRUE,FALSE,1.1115145899784693
31,C,2,48,9.119427714056656,FALSE,FALSE,0.976437708010053
1027,C,2,63,9.120238360534131,TRUE,FALSE,1.1040924103945144
484,C,2,56,9.122271924319648,TRUE,FALSE,1.0461359099645051
1112,C,2,54,9.128659120906377,FALSE,FALSE,1.0495603426497837
1090,C,2,43,9.13012198425713,FALSE,FALSE,1.0492568082736398
259,C,2,51,9.131176634084113,FALSE,FALSE,1.214002718708798
972,B,2,64,9.132276794247446,TRUE,FALSE,1.0545089968582033
821,C,2,51,9.133575936226407,FALSE,FALSE,1.084087249742879
788,C,2,54,9.155291138580651,FALSE,FALSE,1.0513780951878289
567,B,2,61,9.155855106138915,TRUE,FALSE,1.0901937674170767
165,C,2,54,9.163391458143451,FALSE,FALSE,1.0817594676664157
417,C,2,47,9.169970119542995,FALSE,FALSE,1.146486046465725
924,C,2,61,9.1709962822315,TRUE,FALSE,0.8740036269919074
989,C,2,51,9.171404566681304,FALSE,FALSE,0.982607741614629
351,C,2,54,9.177211154710676,FALSE,FALSE,1.108646970056725
697,C,2,55,9.1796139710641,TRUE,FALSE,1.2027406017768953
1123,C,2,52,9.181272182151588,FALSE,FALSE,0.8726425528038817
907,C,2,60,9.185041202323191,TRUE,FALSE,0.8928622906278179
521,C,2,53,9.18705385846988,FALSE,FALSE,0.9836602700161166
537,C,2,61,9.196769126454456,TRUE,FALSE,1.0563250418417738
421,C,2,59,9.205216136422678,TRUE,FALSE,0.8241540588496719
522,C,2,54,9.207719807745889,FALSE,FALSE,1.0790811937513354
716,C,2,56,9.208771182966302,TRUE,FALSE,1.231866198428179
553,C,2,59,9.209293177256768,TRUE,FALSE,0.9759827302914346
36,C,3,50,9.212560106847377,FALSE,FALSE,0.813702689101774
650,C,2,57,9.212612118652032,TRUE,FALSE,0.8287384869763628
590,B,2,58,9.212712170330633,TRUE,FALSE,1.1225609836656076
774,C,2,56,9.21886497315063,TRUE,FALSE,0.9737943430627638
174,C,2,59,9.221913979643432,TRUE,FALSE,1.2888513134712412
794,C,2,48,9.228645327017148,FALSE,FALSE,0.9121324277475651
1050,C,2,59,9.232321610485087,TRUE,FALSE,1.1333995512977708
548,C,2,54,9.233629143323924,FALSE,FALSE,1.2696012021333445
922,C,2,52,9.252595626614493,FALSE,FALSE,0.909224967334012
1061,C,2,54,9.25310212063414,FALSE,FALSE,1.034431039926858
1022,C,2,53,9.253476059664536,FALSE,FALSE,1.1265866676476435
549,B,2,58,9.256226121709915,TRUE,FALSE,1.1602621547826857
608,C,2,60,9.256536358570884,TRUE,FALSE,1.0751783603445801
639,C,2,51,9.258824165324768,FALSE,FALSE,1.138715029705054
409,C,2,53,9.25920390637475,FALSE,FALSE,1.036006281592563
920,C,2,57,9.259250969269488,TRUE,FALSE,1.0281538875642582
1054,C,2,54,9.26106061054088,FALSE,FALSE,1.0589234225080872
711,C,2,52,9.265844067129365,FALSE,FALSE,0.8774545433698222
1186,C,2,61,9.26658981955552,TRUE,FALSE,1.2923457002689247
874,C,2,48,9.269739763243706,FALSE,FALSE,1.2452153648300737
994,C,2,50,9.271459843199409,FALSE,FALSE,1.1096880253790005
856,C,2,62,9.273971020269528,TRUE,FALSE,1.119695403620426
141,C,2,57,9.274041307715379,TRUE,FALSE,1.2149887562736694
733,C,2,45,9.27612655118719,FALSE,FALSE,1.2908273936882324
249,C,2,54,9.277376662001188,FALSE,FALSE,1.1661984223028412
276,B,2,63,9.279114713510353,TRUE,FALSE,0.9712958035597694
796,C,2,50,9.27936940894142,FALSE,FALSE,1.170011429934675
1084,B,2,66,9.27970879912391,TRUE,FALSE,1.3703855570201995
808,C,2,60,9.286588357110304,TRUE,FALSE,1.217446996288345
1075,C,2,45,9.289072670708265,FALSE,FALSE,1.2571601729832764
1152,C,2,51,9.289699574179394,FALSE,FALSE,1.113151139114052
1035,C,2,50,9.294965070897888,FALSE,FALSE,1.0142603625936317
1085,C,2,55,9.297096372134547,TRUE,FALSE,1.1129024263682368
904,C,2,55,9.303528041546087,TRUE,FALSE,0.9359309255742119
881,C,2,46,9.303610036698956,FALSE,FALSE,1.4286235738618416
1080,C,2,51,9.308439346616069,FALSE,FALSE,0.8982001014701382
69,C,2,53,9.336793472517456,FALSE,FALSE,1.3234488723137474
302,C,2,56,9.339372703434492,TRUE,FALSE,1.1970963820276666
594,C,2,46,9.340462699106865,FALSE,FALSE,1.0253977452739491
1188,B,2,69,9.341900692110357,TRUE,FALSE,1.2835400215772097
337,C,2,55,9.349335449991486,TRUE,FALSE,1.1663468295082566
725,C,2,56,9.350497387207724,TRUE,FALSE,1.397175816251547
395,B,2,64,9.355449494403729,TRUE,FALSE,1.071902765896084
919,C,2,56,9.355896898043284,TRUE,FALSE,1.1825469968171092
1059,B,2,58,9.363885184611718,TRUE,FALSE,0.9873758845023985
82,B,2,64,9.364205048113945,TRUE,FALSE,0.8577703858609311
339,C,2,52,9.375082488862972,FALSE,FALSE,1.0977020654463558
178,C,3,49,9.3767822793925,FALSE,FALSE,0.63396062726315
1138,C,2,54,9.37906172809744,FALSE,FALSE,1.0871037130054901
789,C,2,48,9.394721451091755,FALSE,FALSE,1.3440119070146466
379,C,2,52,9.412709139174694,FALSE,FALSE,1.159405664937367
561,C,2,50,9.430644515796303,FALSE,FALSE,1.2744918790886004
710,C,3,55,9.434841496749868,TRUE,FALSE,0.6913156415030244
1045,C,2,49,9.437487754759786,FALSE,FALSE,1.2633120810023684
1146,C,2,47,9.443758717261517,FALSE,FALSE,1.0200458194885869
914,C,3,45,9.447306037731323,FALSE,FALSE,0.7600993942069181
640,C,3,53,9.448944032730651,FALSE,FALSE,0.7047661320502812
170,C,3,53,9.450636160243448,FALSE,FALSE,0.8720952854309871
1149,C,2,47,9.463524428290839,FALSE,FALSE,1.1559048536364571
277,C,2,59,9.465393765567569,TRUE,FALSE,1.455996077722375
1098,C,3,52,9.4709987393544,FALSE,FALSE,0.5556252577771374
375,C,2,49,9.479017236066284,FALSE,FALSE,1.103620625588519
219,C,3,51,9.480059980291117,FALSE,FALSE,0.8358166368307138
1068,C,3,60,9.485592753935634,TRUE,FALSE,0.9998595839460904
123,C,3,46,9.487982070630096,FALSE,FALSE,0.9391098141568364
132,C,3,50,9.496024333129753,FALSE,FALSE,0.7555959041419555
670,C,3,52,9.501562538716826,FALSE,FALSE,0.8641040172296925
785,C,2,58,9.507037991985271,TRUE,FALSE,1.1779380966036115
55,C,3,64,9.52206015979391,TRUE,FALSE,0.819763019651873
658,C,2,56,9.523707716274657,TRUE,FALSE,1.4766872164218512
1150,C,3,54,9.526071161490108,FALSE,FALSE,0.9298800296346599
612,C,3,62,9.532470802747412,TRUE,FALSE,0.6728465093074192
191,C,3,62,9.53887266087986,TRUE,FALSE,0.8456909935266594
280,C,3,51,9.542344272551418,FALSE,FALSE,0.9188416466822673
202,C,2,56,9.54590356605695,TRUE,FALSE,1.4383369127717742
472,C,2,63,9.554558097424888,TRUE,FALSE,1.098873852268298
1013,C,3,57,9.57111526918743,TRUE,FALSE,0.9497164238709956
129,C,2,65,9.577017523592076,TRUE,FALSE,1.1518886032208684
669,C,3,47,9.580974777025403,FALSE,FALSE,0.9095945808367105
507,C,3,57,9.583123227290343,TRUE,FALSE,0.9168824728549225
209,C,3,56,9.591449078299775,TRUE,FALSE,1.1227901165657386
1004,C,3,56,9.592542610167584,TRUE,FALSE,0.6521995331786457
819,C,3,58,9.598975250843068,TRUE,FALSE,0.7525986571308749
1016,C,2,54,9.630885513241083,FALSE,FALSE,1.131142033944343
1053,C,3,49,9.63814211857607,FALSE,FALSE,0.9493372234537674
137,C,3,52,9.63931719375978,FALSE,FALSE,1.0176378974974796
39,C,3,54,9.643813666738424,FALSE,FALSE,0.8991009057754127
313,C,3,46,9.684447882704262,FALSE,FALSE,0.7552917717548553
987,C,3,52,9.726263760789152,FALSE,FALSE,0.8763430199178401
241,C,3,54,9.747118536968628,FALSE,FALSE,0.8842803348343296
901,C,3,47,9.75263614646974,FALSE,FALSE,0.8165443835569022
315,C,3,57,9.756776949689083,TRUE,FALSE,0.9825697329142713
351,C,3,55,9.76531740351129,TRUE,FALSE,0.5881062488006137
180,C,3,61,9.77057385920125,TRUE,FALSE,0.945078691438539
214,C,3,54,9.77059731270856,FALSE,FALSE,1.0496372548332147
437,C,3,59,9.773533336534456,TRUE,FALSE,0.9934916889033047
740,C,2,54,9.777713790335838,FALSE,FALSE,1.4281693500415713
345,C,3,51,9.801674514455954,FALSE,FALSE,0.8222868093289435
620,C,2,49,9.804247838885203,FALSE,FALSE,1.5662645750016964
1133,C,3,53,9.8266653159626,FALSE,FALSE,1.0157122451382747
1119,C,3,62,9.838732215921482,TRUE,FALSE,0.7491492332665075
359,C,3,48,9.844198348648206,FALSE,FALSE,1.0651290896494174
441,C,3,46,9.845086037199508,FALSE,FALSE,1.040206953031884
704,C,3,51,9.860108962355298,FALSE,FALSE,0.8556901181946159
314,C,3,50,9.861121729551087,FALSE,FALSE,1.093745888225385
488,C,3,58,9.871716947305686,TRUE,FALSE,0.9453527742953156
46,C,3,61,9.875084399041953,TRUE,FALSE,1.1152355217527656
1024,C,3,51,9.885934404639556,FALSE,FALSE,1.09744398048133
1159,C,3,60,9.890143446638831,TRUE,FALSE,1.163775678975071
316,C,3,55,9.896492429979844,TRUE,FALSE,0.8479770779922546
42,C,3,52,9.913564864251384,FALSE,FALSE,1.123708821090986
245,C,3,48,9.921993888841826,FALSE,FALSE,1.195606470653729
1152,C,3,58,9.930732593686116,TRUE,FALSE,0.6410330195067218
871,C,3,57,9.933421587720659,TRUE,FALSE,1.1879618879356713
639,C,3,54,9.935458766787633,FALSE,FALSE,0.6766346014628652
1055,C,3,53,9.94226909974168,FALSE,FALSE,1.0064784540081746
177,C,3,55,9.9453298440676,TRUE,FALSE,0.9365292213005887
895,C,3,50,9.94758629563512,FALSE,FALSE,0.9465449231793173
1021,C,3,61,9.948468953607517,TRUE,FALSE,1.0030256397658377
900,C,3,51,9.956171272773645,FALSE,FALSE,1.0435177372128237
56,C,3,51,9.96034743387645,FALSE,FALSE,0.9094579207994684
417,C,3,51,9.962483242827147,FALSE,FALSE,0.7925131232841522
577,C,3,45,9.965116504343314,FALSE,FALSE,1.0541661827883217
929,C,3,53,9.978782769718237,FALSE,FALSE,1.0385316277206584
1054,C,3,57,9.980390602344414,TRUE,FALSE,0.7193299918035336
496,C,3,52,9.982575990878104,FALSE,FALSE,1.054643007730192
259,C,3,60,9.996206390733278,TRUE,FALSE,0.8650297566491645
877,C,3,57,9.996342533795541,TRUE,FALSE,1.061071046635334
794,C,3,58,10.01870576904912,TRUE,FALSE,0.7900604420319723
137,C,4,58,10.038338527723681,TRUE,FALSE,0.39902133396390127
31,C,3,57,10.054109761673317,TRUE,FALSE,0.9346820476166613
474,C,3,60,10.056999296972208,TRUE,FALSE,1.0028492265446403
1112,C,3,63,10.059241170663881,TRUE,FALSE,0.9305820497575041
101,C,3,52,10.068193331611837,FALSE,FALSE,1.3580675715020334
996,C,3,56,10.06977534714315,TRUE,FALSE,1.3184951196162729
1123,C,3,61,10.077540533817228,TRUE,FALSE,0.8962683516656398
521,C,3,54,10.088994140882278,FALSE,FALSE,0.9019402824123972
788,C,3,54,10.08983478580194,FALSE,FALSE,0.9345436472212896
239,C,3,49,10.093841945788881,FALSE,FALSE,0.9814187118754489
922,C,3,63,10.105742392570392,TRUE,FALSE,0.8531467659558984
636,C,3,53,10.112189516792569,FALSE,FALSE,1.224896172141598
854,C,3,55,10.122727524547372,TRUE,FALSE,1.0254456007969566
36,C,4,55,10.122849356797815,TRUE,FALSE,0.9102892499504378
994,C,3,58,10.131122723119915,TRUE,FALSE,0.8596628799205064
1090,C,3,51,10.133220566152886,FALSE,FALSE,1.003098581895756
960,C,3,49,10.152080193576694,FALSE,FALSE,1.2365299245866481
874,C,3,58,10.158831551645562,TRUE,FALSE,0.8890917884018563
165,C,3,53,10.16080027366479,FALSE,FALSE,0.9974088155213394
1046,C,3,50,10.168492298733327,FALSE,FALSE,1.1338260533593711
631,C,3,55,10.169391459425242,TRUE,FALSE,1.3044276330947469
561,C,3,59,10.171742256065045,TRUE,FALSE,0.7410977402687422
711,C,3,49,10.183877879422653,FALSE,FALSE,0.9180338122932881
1042,C,3,52,10.21291270810616,FALSE,FALSE,1.2211548059240158
1146,C,3,53,10.2150241913223,FALSE,FALSE,0.7712654740607832
789,C,3,63,10.224842700881709,TRUE,FALSE,0.8301212497899542
733,C,3,58,10.234047402362194,TRUE,FALSE,0.9579208511750039
594,C,3,53,10.234764122466004,FALSE,FALSE,0.8943014233591384
1061,C,3,56,10.237607058479625,TRUE,FALSE,0.984504937845486
821,C,3,54,10.243316945092374,FALSE,FALSE,1.1097410088659672
473,C,3,53,10.244670623622369,FALSE,FALSE,1.1774667944882822
170,C,4,61,10.25268792321367,TRUE,FALSE,0.8020517629702226
568,C,3,52,10.287030026989669,FALSE,FALSE,1.3432468737082672
910,C,3,61,10.29873211845188,TRUE,FALSE,1.2916784970948356
379,C,3,53,10.317030107857136,FALSE,FALSE,0.9043209686824412
1080,C,3,57,10.318747106379305,TRUE,FALSE,1.0103077597632364
409,C,3,63,10.327728868716804,TRUE,FALSE,1.0685249623420532
959,C,3,47,10.33667459006756,FALSE,FALSE,1.2539522672304884
574,C,3,41,10.34555459675903,FALSE,FALSE,1.3281726585591969
178,C,4,57,10.355030003254797,TRUE,FALSE,0.978247723862296
69,C,3,52,10.370839246395917,FALSE,FALSE,1.0340457738784607
132,C,4,55,10.410349671783479,TRUE,FALSE,0.9143253386537253
1149,C,3,56,10.430705908056552,TRUE,FALSE,0.9671814797657134
1016,C,3,56,10.431187517584476,TRUE,FALSE,0.8003020043433935
726,C,3,57,10.431908868788014,TRUE,FALSE,1.5422322288432042
1098,C,4,55,10.444656384399423,TRUE,FALSE,0.973657645045023
1138,C,3,51,10.449706196406623,FALSE,FALSE,1.0706444683091831
280,C,4,51,10.455765495513333,FALSE,FALSE,0.9134212229619152
1075,C,3,61,10.462409239622502,TRUE,FALSE,1.1733365689142374
219,C,4,64,10.463021553347062,TRUE,FALSE,0.9829615730559453
796,C,3,60,10.468271027049923,TRUE,FALSE,1.1889016181085026
881,C,3,61,10.473660583007586,TRUE,FALSE,1.1700505463086301
670,C,4,63,10.47646481303309,TRUE,FALSE,0.9749022743162641
989,C,3,54,10.479619517696847,FALSE,FALSE,1.3082149510155432
669,C,4,52,10.480908886213001,FALSE,FALSE,0.8999341091875976
914,C,4,68,10.487092353083426,TRUE,FALSE,1.039786315352103
987,C,4,55,10.489508354410646,TRUE,FALSE,0.76324459362149355
731,C,3,54,10.509803648827074,FALSE,FALSE,1.4918420222238638
241,C,4,50,10.522891211163369,FALSE,FALSE,0.7757726741947408
522,C,3,53,10.52377537508437,FALSE,FALSE,1.3160555673384806
339,C,3,57,10.527442585393146,TRUE,FALSE,1.152360096530174
1053,C,4,54,10.532082710469695,FALSE,FALSE,0.8939405918936245
1150,C,4,42,10.53384537815873,FALSE,FALSE,1.007774216668622
1022,C,3,61,10.550003892836685,TRUE,FALSE,1.2965278331721493
1035,C,3,60,10.572942371090903,TRUE,FALSE,1.2779773001930153
740,C,3,50,10.577932095868164,FALSE,FALSE,0.8002183055323258
640,C,4,55,10.580507879298239,TRUE,FALSE,1.1315638465675875
895,C,4,59,10.581645118734741,TRUE,FALSE,0.6340588230996218
245,C,4,59,10.591802901253686,TRUE,FALSE,0.6698090124118607
249,C,3,51,10.608120395132573,FALSE,FALSE,1.330743733131385
39,C,4,51,10.640271066629793,FALSE,FALSE,0.9964573998913693
548,C,3,52,10.688341052027681,FALSE,FALSE,1.4547119087037572
620,C,3,54,10.695141483265616,FALSE,FALSE,0.8908936443804123
1133,C,4,51,10.696524164777657,FALSE,FALSE,0.8698588488150563
214,C,4,54,10.723086793172115,FALSE,FALSE,0.9524894804635551
1090,C,4,53,10.76973863207968,FALSE,FALSE,0.6365180659267935
56,C,4,53,10.78282193285122,FALSE,FALSE,0.8224744989747705
375,C,3,67,10.783521615761856,TRUE,FALSE,1.3045043796955724
960,C,4,56,10.785955189763627,TRUE,FALSE,0.6338749961869325
1045,C,3,59,10.808840994879574,TRUE,FALSE,1.371353240119788
123,C,4,59,10.816722014282277,TRUE,FALSE,1.328739943652181
1024,C,4,60,10.837346206786606,TRUE,FALSE,0.9514118021470495
900,C,4,51,10.855062574220938,FALSE,FALSE,0.8988913014472928
496,C,4,56,10.86216072390016,TRUE,FALSE,0.8795847330220568
313,C,4,47,10.886134422489704,FALSE,FALSE,1.2016865397854417
69,C,4,49,10.890902176706732,FALSE,FALSE,0.5200629303108144
417,C,4,59,10.908413888286304,TRUE,FALSE,0.945930645459157
901,C,4,56,10.915843320482963,TRUE,FALSE,1.1632071740132233
42,C,4,48,10.972572621187282,FALSE,FALSE,1.0590077569358982
636,C,4,51,10.973220853022212,FALSE,FALSE,0.8610313362296438
441,C,4,59,10.987998593060183,TRUE,FALSE,1.1429125558606756
929,C,4,45,11.025648234470282,FALSE,FALSE,1.0468654647520452
821,C,4,54,11.039841287682066,FALSE,FALSE,0.7965243425896915
1055,C,4,52,11.044372491989634,FALSE,FALSE,1.1021033922479546
577,C,4,54,11.05330339808279,FALSE,FALSE,1.0881868937394756
639,C,4,58,11.057458258488623,TRUE,FALSE,1.12199949170099
101,C,4,59,11.063977307952882,TRUE,FALSE,0.9957839763410448
669,C,5,56,11.086341121597798,TRUE,FALSE,0.6054322353847965
704,C,4,52,11.08879530593913,FALSE,FALSE,1.2286863435838313
314,C,4,52,11.101224599777197,FALSE,FALSE,1.24010287022611
574,C,4,50,11.11592956761524,FALSE,FALSE,0.77037497085621
379,C,4,52,11.131014678034262,FALSE,FALSE,0.8139845701771264
568,C,4,54,11.202798842525226,FALSE,FALSE,0.9157688155355572
165,C,4,54,11.21430435662478,FALSE,FALSE,1.0535040829599893
359,C,4,52,11.228676216189342,FALSE,FALSE,1.3844778675411362
1042,C,4,59,11.22895875591712,TRUE,FALSE,1.0160460478109599
345,C,4,55,11.24711604316326,TRUE,FALSE,1.4454415287073061
711,C,4,58,11.272161163524288,TRUE,FALSE,1.0882832841016352
1053,C,5,57,11.312602182239061,TRUE,FALSE,0.7805194717693666
1146,C,4,58,11.321070194295316,TRUE,FALSE,1.1060460029730166
521,C,4,59,11.32912771941119,TRUE,FALSE,1.240133578528912
473,C,4,59,11.347014592316555,TRUE,FALSE,1.1023439686941856
241,C,5,59,11.385235194571578,TRUE,FALSE,0.8623439834082092
788,C,4,57,11.387250054864126,TRUE,FALSE,1.297415269062185
39,C,5,62,11.401011047695647,TRUE,FALSE,0.7607399810658535
594,C,4,59,11.402066854363511,TRUE,FALSE,1.1673027318975073
1150,C,5,50,11.410650892939884,FALSE,FALSE,0.8768055147811538
1046,C,4,66,11.41348144476433,TRUE,FALSE,1.2449891460310027
740,C,4,52,11.43554920326278,FALSE,FALSE,0.857617107394617
959,C,4,52,11.460858901860774,FALSE,FALSE,1.1241843117932149
280,C,5,52,11.520228835812304,FALSE,FALSE,1.0644633402989712
69,C,5,55,11.524003098373214,TRUE,FALSE,0.6331009216664825
214,C,5,54,11.535561869011872,FALSE,FALSE,0.8124750758397568
989,C,4,53,11.597764089190605,FALSE,FALSE,1.1181445714937581
1133,C,5,47,11.608236459698674,FALSE,FALSE,0.911712294921017
239,C,4,60,11.63324169059706,TRUE,FALSE,1.539399744808179
249,C,4,58,11.640363944992714,TRUE,FALSE,1.0322435498601408
313,C,5,55,11.660315343142429,TRUE,FALSE,0.774180920652725
1138,C,4,59,11.662780890157592,TRUE,FALSE,1.2130746937509684
900,C,5,62,11.696543178379216,TRUE,FALSE,0.8414806041582779
548,C,4,57,11.747260140607978,TRUE,FALSE,1.0589190885802964
1090,C,5,50,11.770493358435488,FALSE,FALSE,1.000754726355808
522,C,4,54,11.797569948605087,FALSE,FALSE,1.2737945735207177
636,C,5,59,11.820490867477929,TRUE,FALSE,0.8472700144557166
620,C,4,51,11.850133787225786,FALSE,FALSE,1.1549923039601708
379,C,5,58,11.867685692450323,TRUE,FALSE,0.7366710144160606
314,C,5,54,11.892697028572002,FALSE,FALSE,0.7914724287948047
929,C,5,45,11.901235272576741,FALSE,FALSE,0.8755870381064597
731,C,4,50,11.911118377247476,FALSE,FALSE,1.4013147284204024
56,C,5,51,11.92317402198023,FALSE,FALSE,1.14035208912901
165,C,5,56,11.940731934482756,TRUE,FALSE,0.7264275778579758
1055,C,5,57,12.01330240607058,TRUE,FALSE,0.9689299140809453
821,C,5,46,12.037042266649223,FALSE,FALSE,0.9972009789671574
42,C,5,54,12.068360491852218,FALSE,FALSE,1.0957878706649353
704,C,5,59,12.13425188000474,TRUE,FALSE,1.0454565740656108
574,C,5,52,12.154069628810248,FALSE,FALSE,1.0381400611950085
577,C,5,61,12.236519826536096,TRUE,FALSE,1.1832164284533064
568,C,5,54,12.270567389230564,FALSE,FALSE,1.067768546705338
214,C,6,57,12.27141930180369,TRUE,FALSE,0.7358574327918177
740,C,5,54,12.528593826671568,FALSE,FALSE,1.0930446234087867
359,C,5,53,12.55402924930604,FALSE,FALSE,1.3253530331166985
1090,C,6,50,12.57750765583478,FALSE,FALSE,0.8070142973992915
1150,C,6,57,12.584059922923188,TRUE,FALSE,1.1734090299833042
821,C,6,53,12.633323495672812,FALSE,FALSE,0.5962812290235888
959,C,5,50,12.658662998019281,FALSE,FALSE,1.1978040961585066
620,C,5,60,12.71920608671644,TRUE,FALSE,0.8690722994906537
1133,C,6,59,12.743469194716454,TRUE,FALSE,1.1352327350177802
280,C,6,46,12.769673768947541,FALSE,FALSE,1.249444933135237
56,C,6,60,12.804677771870047,TRUE,FALSE,0.8815037498898164
929,C,6,55,12.866184891056037,TRUE,FALSE,0.9649496184792952
989,C,5,48,12.907733871241362,FALSE,FALSE,1.3099697820507572
731,C,5,47,12.93397457743049,FALSE,FALSE,1.0228562001830142
42,C,6,57,12.980176435914473,TRUE,FALSE,0.9118159440622549
522,C,5,60,12.991756256840745,TRUE,FALSE,1.1941863082356576
574,C,6,49,13.070211821028352,FALSE,FALSE,0.9161421922181034
568,C,6,50,13.098289980596746,FALSE,FALSE,0.8277225913661823
314,C,6,59,13.131763752622646,TRUE,FALSE,1.2390667240506446
1090,C,7,64,13.41162699877168,TRUE,FALSE,0.8341193429369014
740,C,6,60,13.55476058714703,TRUE,FALSE,1.026166760475462
280,C,7,60,13.603664767771988,TRUE,FALSE,0.8339909988244472
959,C,6,54,13.656924196966429,FALSE,FALSE,0.9982611989471479
821,C,7,52,13.753793306965235,FALSE,FALSE,1.1204698112924234
359,C,6,51,13.760296623429895,FALSE,FALSE,1.206267374123854
731,C,6,53,13.970336115806276,FALSE,FALSE,1.036361538375786
568,C,7,55,14.019682048987306,TRUE,FALSE,0.9213920683905599
574,C,7,58,14.141183137795451,TRUE,FALSE,1.0709713167670998
989,C,6,60,14.4388306683868,TRUE,FALSE,1.5310967971454374
959,C,7,59,14.54643968045275,TRUE,FALSE,0.8895154834863206
821,C,8,57,14.577893062501971,TRUE,FALSE,0.8240997555367358
359,C,7,63,14.876784824718925,TRUE,FALSE,1.1164882012890303
731,C,7,59,15.10097422448598,TRUE,FALSE,1.1306381086797046
